<?xml version="1.0" encoding="UTF-8" standalone="yes"?><RequestMappingSpecList noNamespaceSchemaLocation="../../Catalog.xsd"><Id></Id><RequestMappingSpec id="Generic_CPO" action="noChange" core_data_overridden="false"><Name><Value locale="en">Generic_CPO</Value></Name><RequestMappingSpecVersions><RequestMappingSpecVersion effective="1900-01-01T00:00:00" expiration="NONE" versionId="1" action="noChange"><Description><Value value="Generic_CPO" locale="en"/></Description><Code value="Generic_CPO"/><RequestMappingSpecType value="Customer Product Order"/><AttributeGroup/><Domain value="Order"/><TargetEntity value="ProfileSpec"/><DefaultProfile value="ce1357cb-0f3b-4f4d-8cee-37fbd0e8860d"/><ProfileRule/><Groups><ElementId value="Product_Cable_Internet_Provide_RGS"/><ElementId value="CFS_c_Mobile_Provide_RGS"/><ElementId value="Product_Cable_Internet_Provide_RGS"/></Groups><AdditionalAttributeGroups/><AdditionalProperties/></RequestMappingSpecVersion></RequestMappingSpecVersions></RequestMappingSpec><RequestMappingSpec id="Product_Cable_Internet_Provide_CALL_SOM_Migration_on_Demand_Workflow_RMS" action="noChange" core_data_overridden="false"><Name><Value locale="en">Product_Cable_Internet_Provide_CALL_SOM_Migration_on_Demand_Workflow_RMS</Value></Name><RequestMappingSpecVersions><RequestMappingSpecVersion effective="1900-01-01T00:00:00" expiration="NONE" versionId="1" action="noChange"><Description><Value value="Product_Cable_Internet_Provide_CALL_SOM_Migration_on_Demand_Workflow_RMS" locale="en"/></Description><Code value="Product_Cable_Internet_Provide_CALL_SOM_Migration_on_Demand_Workflow_RMS"/><RequestMappingSpecType value="Customer Product Order"/><AttributeGroup/><Domain value="Order"/><TargetEntity value="ProfileSpec"/><DefaultProfile value="19b97250a86c4916b02ab411fe55861d"/><ProfileRule/><Groups/><AdditionalAttributeGroups/><AdditionalProperties/></RequestMappingSpecVersion></RequestMappingSpecVersions></RequestMappingSpec><RequestMappingSpec id="CFS_c_Mobile_Provide_CALL_Mobile_Services_2_RMS" action="noChange" core_data_overridden="false"><Name><Value locale="en">CFS_c_Mobile_Provide_CALL_Mobile_Services_2_RMS</Value></Name><RequestMappingSpecVersions><RequestMappingSpecVersion effective="1900-01-01T00:00:00" expiration="NONE" versionId="1" action="noChange"><Description><Value value="CFS_c_Mobile_Provide_CALL_Mobile_Services_2_RMS" locale="en"/></Description><Code value="CFS_c_Mobile_Provide_CALL_Mobile_Services_2_RMS"/><RequestMappingSpecType value="Customer Product Order"/><AttributeGroup><ElementId value="CFS_c_Mobile_Provide_CALL_Mobile_Services_2_RMS_attr_group"/></AttributeGroup><Domain value="Order"/><TargetEntity value="ProfileSpec"/><DefaultProfile value="d741cdf2-ed79-4ea2-8fd7-a3d18139fc62"/><ProfileRule/><Groups/><AdditionalAttributeGroups/><AdditionalProperties/></RequestMappingSpecVersion></RequestMappingSpecVersions></RequestMappingSpec><RequestMappingSpec id="Product_Cable_Internet_Provide_Call_Generic_Fulfillment_RMS" action="noChange" core_data_overridden="false"><Name><Value locale="en">Product_Cable_Internet_Provide_Call_Generic_Fulfillment_RMS</Value></Name><RequestMappingSpecVersions><RequestMappingSpecVersion effective="1900-01-01T00:00:00" expiration="NONE" versionId="1" action="noChange"><Description><Value value="Product_Cable_Internet_Provide_Call_Generic_Fulfillment_RMS" locale="en"/></Description><Code value="Product_Cable_Internet_Provide_Call_Generic_Fulfillment_RMS"/><RequestMappingSpecType value="Customer Product Order"/><AttributeGroup><ElementId value="Product_Cable_Internet_Provide_Call_Generic_Fulfillment_RMS_attr_group"/></AttributeGroup><Domain value="Order"/><TargetEntity value="ProfileSpec"/><DefaultProfile value="34e5c3ac-4722-420d-9059-e8186c546ab8"/><ProfileRule/><Groups><ElementId value="CFS_c_Access_Provide_RGS"/><ElementId value="CFS_c_Internet_Modify_RGS"/><ElementId value="CFS_c_Internet_Provide_RGS"/><ElementId value="CFS_c_CPE_Modify_RGS"/><ElementId value="CFS_c_CPE_Provide_RGS"/><ElementId value="CFS_c_TV_Provide_RGS"/><ElementId value="CFS_c_Fixed_Voice_Provide_RGS"/></Groups><AdditionalAttributeGroups/><AdditionalProperties/></RequestMappingSpecVersion></RequestMappingSpecVersions></RequestMappingSpec><RequestMappingSpec id="CFS_c_Access_Provide_Access_Provide_Service_Order_Workflow_IMPERATIVE_RMS" action="noChange" core_data_overridden="false"><Name><Value locale="en">CFS_c_Access_Provide_Access_Provide_Service_Order_Workflow_IMPERATIVE_RMS</Value></Name><RequestMappingSpecVersions><RequestMappingSpecVersion effective="1900-01-01T00:00:00" expiration="NONE" versionId="1" action="noChange"><Description><Value value="CFS_c_Access_Provide_Access_Provide_Service_Order_Workflow_IMPERATIVE_RMS" locale="en"/></Description><Code value="CFS_c_Access_Provide_Access_Provide_Service_Order_Workflow_IMPERATIVE_RMS"/><RequestMappingSpecType value="Customer Product Order"/><AttributeGroup><ElementId value="CFS_c_Access_Provide_Access_Provide_Service_Order_Workflow_IMPERATIVE_RMS_attr_group"/></AttributeGroup><Domain value="Order"/><TargetEntity value="ProfileSpec"/><DefaultProfile value="d28f03fb8fb0413c96fdb46fa0377c55"/><ProfileRule/><Groups/><AdditionalAttributeGroups/><AdditionalProperties/></RequestMappingSpecVersion></RequestMappingSpecVersions></RequestMappingSpec><RequestMappingSpec id="CFS_c_Internet_Modify_Internet_Provide_Service_Order_Workflow_IMPERATIVE_RMS" action="noChange" core_data_overridden="false"><Name><Value locale="en">CFS_c_Internet_Modify_Internet_Provide_Service_Order_Workflow_IMPERATIVE_RMS</Value></Name><RequestMappingSpecVersions><RequestMappingSpecVersion effective="1900-01-01T00:00:00" expiration="NONE" versionId="1" action="noChange"><Description><Value value="CFS_c_Internet_Modify_Internet_Provide_Service_Order_Workflow_IMPERATIVE_RMS" locale="en"/></Description><Code value="CFS_c_Internet_Modify_Internet_Provide_Service_Order_Workflow_IMPERATIVE_RMS"/><RequestMappingSpecType value="Customer Product Order"/><AttributeGroup><ElementId value="CFS_c_Internet_Modify_Internet_Provide_Service_Order_Workflow_IMPERATIVE_RMS_attr_group"/></AttributeGroup><Domain value="Order"/><TargetEntity value="ProfileSpec"/><DefaultProfile value="12452bb4c6f04c0790a9951db49e9f1c"/><ProfileRule/><Groups/><AdditionalAttributeGroups/><AdditionalProperties/></RequestMappingSpecVersion></RequestMappingSpecVersions></RequestMappingSpec><RequestMappingSpec id="CFS_c_Internet_Provide_Internet_Provide_Service_Order_Workflow_IMPERATIVE_RMS" action="noChange" core_data_overridden="false"><Name><Value locale="en">CFS_c_Internet_Provide_Internet_Provide_Service_Order_Workflow_IMPERATIVE_RMS</Value></Name><RequestMappingSpecVersions><RequestMappingSpecVersion effective="1900-01-01T00:00:00" expiration="NONE" versionId="1" action="noChange"><Description><Value value="CFS_c_Internet_Provide_Internet_Provide_Service_Order_Workflow_IMPERATIVE_RMS" locale="en"/></Description><Code value="CFS_c_Internet_Provide_Internet_Provide_Service_Order_Workflow_IMPERATIVE_RMS"/><RequestMappingSpecType value="Customer Product Order"/><AttributeGroup><ElementId value="CFS_c_Internet_Provide_Internet_Provide_Service_Order_Workflow_IMPERATIVE_RMS_attr_group"/></AttributeGroup><Domain value="Order"/><TargetEntity value="ProfileSpec"/><DefaultProfile value="fa2ebd9e-2752-4dcf-9887-651cac960cfb"/><ProfileRule/><Groups/><AdditionalAttributeGroups/><AdditionalProperties/></RequestMappingSpecVersion></RequestMappingSpecVersions></RequestMappingSpec><RequestMappingSpec id="CFS_c_CPE_Modify_CPE_Provide_Service_Order_Workflow_IMPERATIVE_RMS" action="noChange" core_data_overridden="false"><Name><Value locale="en">CFS_c_CPE_Modify_CPE_Provide_Service_Order_Workflow_IMPERATIVE_RMS</Value></Name><RequestMappingSpecVersions><RequestMappingSpecVersion effective="1900-01-01T00:00:00" expiration="NONE" versionId="1" action="noChange"><Description><Value value="CFS_c_CPE_Modify_CPE_Provide_Service_Order_Workflow_IMPERATIVE_RMS" locale="en"/></Description><Code value="CFS_c_CPE_Modify_CPE_Provide_Service_Order_Workflow_IMPERATIVE_RMS"/><RequestMappingSpecType value="Customer Product Order"/><AttributeGroup><ElementId value="CFS_c_CPE_Modify_CPE_Provide_Service_Order_Workflow_IMPERATIVE_RMS_attr_group"/></AttributeGroup><Domain value="Order"/><TargetEntity value="ProfileSpec"/><DefaultProfile value="a4afef7612cb4979bc4554fd839880c3"/><ProfileRule/><Groups/><AdditionalAttributeGroups/><AdditionalProperties/></RequestMappingSpecVersion></RequestMappingSpecVersions></RequestMappingSpec><RequestMappingSpec id="CFS_c_CPE_Provide_CPE_Provide_Service_Order_Workflow_IMPERATIVE_RMS" action="noChange" core_data_overridden="false"><Name><Value locale="en">CFS_c_CPE_Provide_CPE_Provide_Service_Order_Workflow_IMPERATIVE_RMS</Value></Name><RequestMappingSpecVersions><RequestMappingSpecVersion effective="1900-01-01T00:00:00" expiration="NONE" versionId="1" action="noChange"><Description><Value value="CFS_c_CPE_Provide_CPE_Provide_Service_Order_Workflow_IMPERATIVE_RMS" locale="en"/></Description><Code value="CFS_c_CPE_Provide_CPE_Provide_Service_Order_Workflow_IMPERATIVE_RMS"/><RequestMappingSpecType value="Customer Product Order"/><AttributeGroup><ElementId value="CFS_c_CPE_Provide_CPE_Provide_Service_Order_Workflow_IMPERATIVE_RMS_attr_group"/></AttributeGroup><Domain value="Order"/><TargetEntity value="ProfileSpec"/><DefaultProfile value="80c42899-ada1-4b29-bd0f-d89449b97080"/><ProfileRule/><Groups/><AdditionalAttributeGroups/><AdditionalProperties/></RequestMappingSpecVersion></RequestMappingSpecVersions></RequestMappingSpec><RequestMappingSpec id="CFS_c_TV_Provide_TV_Provide_Service_Order_Workflow_IMPERATIVE_RMS" action="noChange" core_data_overridden="false"><Name><Value locale="en">CFS_c_TV_Provide_TV_Provide_Service_Order_Workflow_IMPERATIVE_RMS</Value></Name><RequestMappingSpecVersions><RequestMappingSpecVersion effective="1900-01-01T00:00:00" expiration="NONE" versionId="1" action="noChange"><Description><Value value="CFS_c_TV_Provide_TV_Provide_Service_Order_Workflow_IMPERATIVE_RMS" locale="en"/></Description><Code value="CFS_c_TV_Provide_TV_Provide_Service_Order_Workflow_IMPERATIVE_RMS"/><RequestMappingSpecType value="Customer Product Order"/><AttributeGroup><ElementId value="CFS_c_TV_Provide_TV_Provide_Service_Order_Workflow_IMPERATIVE_RMS_attr_group"/></AttributeGroup><Domain value="Order"/><TargetEntity value="ProfileSpec"/><DefaultProfile value="954dc9e4-8ca4-4fb2-b6b8-2fa2dab09a73"/><ProfileRule/><Groups/><AdditionalAttributeGroups/><AdditionalProperties/></RequestMappingSpecVersion></RequestMappingSpecVersions></RequestMappingSpec><RequestMappingSpec id="CFS_c_Fixed_Voice_Provide_VOICE_Provide_Service_Order_Workflow_IMPERATIVE_RMS" action="noChange" core_data_overridden="false"><Name><Value locale="en">CFS_c_Fixed_Voice_Provide_VOICE_Provide_Service_Order_Workflow_IMPERATIVE_RMS</Value></Name><RequestMappingSpecVersions><RequestMappingSpecVersion effective="1900-01-01T00:00:00" expiration="NONE" versionId="1" action="noChange"><Description><Value value="CFS_c_Fixed_Voice_Provide_VOICE_Provide_Service_Order_Workflow_IMPERATIVE_RMS" locale="en"/></Description><Code value="CFS_c_Fixed_Voice_Provide_VOICE_Provide_Service_Order_Workflow_IMPERATIVE_RMS"/><RequestMappingSpecType value="Customer Product Order"/><AttributeGroup><ElementId value="CFS_c_Fixed_Voice_Provide_VOICE_Provide_Service_Order_Workflow_IMPERATIVE_RMS_attr_group"/></AttributeGroup><Domain value="Order"/><TargetEntity value="ProfileSpec"/><DefaultProfile value="8dfb3d44-3057-4f9a-886b-2ade7ce2813a"/><ProfileRule/><Groups/><AdditionalAttributeGroups/><AdditionalProperties/></RequestMappingSpecVersion></RequestMappingSpecVersions></RequestMappingSpec></RequestMappingSpecList>