<?xml version="1.0" encoding="UTF-8" standalone="yes"?><RequestGroupingSpecList><RequestGroupingSpec id="Product_Cable_Internet_Provide_RGS" action="noChange" core_data_overridden="false"><Name><Value locale="en">Product_Cable_Internet_Provide_RGS</Value></Name><RequestGroupingSpecVersions><RequestGroupingSpecVersion effective="1900-01-01T00:00:00" expiration="NONE" versionId="1" action="noChange"><Description><Value value="Product_Cable_Internet_Provide_RGS" locale="en"/></Description><Code value="Product_Cable_Internet_Provide_RGS"/><TargetRequestMappingSpec value="Product_Cable_Internet_Provide_CALL_SOM_Migration_on_Demand_Workflow_RMS"/><AttributeGroup><ElementId value="Product_Cable_Internet_Provide_RGS_attr_group"/></AttributeGroup><GroupingCriteria><BusinessRule_Rule template_id="EPC_Rule"><BusinessRule_Rule>dummy rule expression</BusinessRule_Rule><BusinessRule_Pattern value="fb30fa4b-1d70-45ac-be2a-61786d0440c5"/><BusinessRule_RuleStatement><![CDATA[<root><Condition id="fb30fa4b-1d70-45ac-be2a-61786d0440c5"/></root>]]></BusinessRule_RuleStatement><BusinessRule_BBAndParameterValues><BusinessRule_RuleBBAndParameterValues template_id="EPC_Rule_BB_And_Parameter_Values_Template"><BusinessRule_BuildingBlock value="fb30fa4b-1d70-45ac-be2a-61786d0440c5"/><BusinessRule_ParameterValues><BusinessRule_RuleParameterValues template_id="EPC_Rule_Parameter_Values_Template"><BusinessRule_ParameterUniqueId value="AllAttributes"/><BusinessRule_ParameterDefinition value="ecc88e97-76df-49d1-b1dc-1619730c9712"/><BusinessRule_ETValues/><BusinessRule_RefValues><ElementId value="dc616cc3-dba0-4a09-9037-00fa9e3f7237"/></BusinessRule_RefValues></BusinessRule_RuleParameterValues><BusinessRule_RuleParameterValues template_id="EPC_Rule_Parameter_Values_Template"><BusinessRule_ParameterUniqueId value="operand"/><BusinessRule_ParameterDefinition value="b8f9798a-8332-42b8-9c38-14201934086f"/><BusinessRule_ETValues><Value value="!=" extra_data="1073741826" rule_et_param_type_id="6"/></BusinessRule_ETValues><BusinessRule_RefValues/></BusinessRule_RuleParameterValues><BusinessRule_RuleParameterValues template_id="EPC_Rule_Parameter_Values_Template"><BusinessRule_ParameterUniqueId value="stringConstant"/><BusinessRule_ParameterDefinition value="e3be3877-0743-42af-bc88-5edf23b2a1f5"/><BusinessRule_ETValues><Value value="DummyAction"/></BusinessRule_ETValues><BusinessRule_RefValues/></BusinessRule_RuleParameterValues></BusinessRule_ParameterValues></BusinessRule_RuleBBAndParameterValues></BusinessRule_BBAndParameterValues><BusinessRule_DirtyIndicator value="2021-03-04T08:42:10"/><BusinessRule_SyntaxGenerationLastDate value="2021-03-04T08:42:20"/><BusinessRule_BusinessModeIndicator value="true"/></BusinessRule_Rule></GroupingCriteria><GroupingCriteriaAttribute/><useSpecCode value="true"/><AdditionalProperties/></RequestGroupingSpecVersion></RequestGroupingSpecVersions></RequestGroupingSpec><RequestGroupingSpec id="CFS_c_Mobile_Provide_RGS" action="noChange" core_data_overridden="false"><Name><Value locale="en">CFS_c_Mobile_Provide_RGS</Value></Name><RequestGroupingSpecVersions><RequestGroupingSpecVersion effective="1900-01-01T00:00:00" expiration="NONE" versionId="1" action="noChange"><Description><Value value="CFS_c_Mobile_Provide_RGS" locale="en"/></Description><Code value="CFS_c_Mobile_Provide_RGS"/><TargetRequestMappingSpec value="CFS_c_Mobile_Provide_CALL_Mobile_Services_2_RMS"/><AttributeGroup><ElementId value="CFS_c_Mobile_Provide_RGS_attr_group"/></AttributeGroup><GroupingCriteria><BusinessRule_Rule template_id="EPC_Rule"><BusinessRule_Rule>dummy rule expression</BusinessRule_Rule><BusinessRule_Pattern value="fb30fa4b-1d70-45ac-be2a-61786d0440c5"/><BusinessRule_RuleStatement><![CDATA[<root><Condition id="adee65fa-bb8c-4dd1-a2c8-cb91aa34b742"/><Operator>and</Operator><Condition id="fb30fa4b-1d70-45ac-be2a-61786d0440c5"/></root>]]></BusinessRule_RuleStatement><BusinessRule_BBAndParameterValues><BusinessRule_RuleBBAndParameterValues template_id="EPC_Rule_BB_And_Parameter_Values_Template"><BusinessRule_BuildingBlock value="adee65fa-bb8c-4dd1-a2c8-cb91aa34b742"/><BusinessRule_ParameterValues><BusinessRule_RuleParameterValues template_id="EPC_Rule_Parameter_Values_Template"><BusinessRule_ParameterUniqueId value="ProfileAttribute"/><BusinessRule_ParameterDefinition value="c0927563-124f-4459-a8d2-348ec4f63ca3"/><BusinessRule_ETValues/><BusinessRule_RefValues><ElementId value="f6d526a5-1da3-470e-bda7-5d12480949e8"/></BusinessRule_RefValues></BusinessRule_RuleParameterValues><BusinessRule_RuleParameterValues template_id="EPC_Rule_Parameter_Values_Template"><BusinessRule_ParameterUniqueId value="operand"/><BusinessRule_ParameterDefinition value="b8f9798a-8332-42b8-9c38-14201934086f"/><BusinessRule_ETValues><Value value="=" extra_data="1073741823" rule_et_param_type_id="6"/></BusinessRule_ETValues><BusinessRule_RefValues/></BusinessRule_RuleParameterValues><BusinessRule_RuleParameterValues template_id="EPC_Rule_Parameter_Values_Template"><BusinessRule_ParameterUniqueId value="stringConstant"/><BusinessRule_ParameterDefinition value="e3be3877-0743-42af-bc88-5edf23b2a1f5"/><BusinessRule_ETValues><Value value="c_Mobile"/></BusinessRule_ETValues><BusinessRule_RefValues/></BusinessRule_RuleParameterValues></BusinessRule_ParameterValues></BusinessRule_RuleBBAndParameterValues><BusinessRule_RuleBBAndParameterValues template_id="EPC_Rule_BB_And_Parameter_Values_Template"><BusinessRule_BuildingBlock value="fb30fa4b-1d70-45ac-be2a-61786d0440c5"/><BusinessRule_ParameterValues><BusinessRule_RuleParameterValues template_id="EPC_Rule_Parameter_Values_Template"><BusinessRule_ParameterUniqueId value="AllAttributes"/><BusinessRule_ParameterDefinition value="ecc88e97-76df-49d1-b1dc-1619730c9712"/><BusinessRule_ETValues/><BusinessRule_RefValues><ElementId value="dc616cc3-dba0-4a09-9037-00fa9e3f7237"/></BusinessRule_RefValues></BusinessRule_RuleParameterValues><BusinessRule_RuleParameterValues template_id="EPC_Rule_Parameter_Values_Template"><BusinessRule_ParameterUniqueId value="operand"/><BusinessRule_ParameterDefinition value="b8f9798a-8332-42b8-9c38-14201934086f"/><BusinessRule_ETValues><Value value="=" extra_data="1073741823" rule_et_param_type_id="6"/></BusinessRule_ETValues><BusinessRule_RefValues/></BusinessRule_RuleParameterValues><BusinessRule_RuleParameterValues template_id="EPC_Rule_Parameter_Values_Template"><BusinessRule_ParameterUniqueId value="stringConstant"/><BusinessRule_ParameterDefinition value="e3be3877-0743-42af-bc88-5edf23b2a1f5"/><BusinessRule_ETValues><Value value="PR"/></BusinessRule_ETValues><BusinessRule_RefValues/></BusinessRule_RuleParameterValues></BusinessRule_ParameterValues></BusinessRule_RuleBBAndParameterValues></BusinessRule_BBAndParameterValues><BusinessRule_DirtyIndicator value="2021-03-04T08:42:10"/><BusinessRule_SyntaxGenerationLastDate value="2021-03-04T08:42:20"/><BusinessRule_BusinessModeIndicator value="true"/></BusinessRule_Rule></GroupingCriteria><GroupingCriteriaAttribute><ElementId value="1cc6dd75-dce0-44fe-9bba-4f49c05aac91"/></GroupingCriteriaAttribute><useSpecCode value="true"/><AdditionalProperties/></RequestGroupingSpecVersion></RequestGroupingSpecVersions></RequestGroupingSpec><RequestGroupingSpec id="Product_Cable_Internet_Provide_RGS" action="noChange" core_data_overridden="false"><Name><Value locale="en">Product_Cable_Internet_Provide_RGS</Value></Name><RequestGroupingSpecVersions><RequestGroupingSpecVersion effective="1900-01-01T00:00:00" expiration="NONE" versionId="1" action="noChange"><Description><Value value="Product_Cable_Internet_Provide_RGS" locale="en"/></Description><Code value="Product_Cable_Internet_Provide_RGS"/><TargetRequestMappingSpec value="Product_Cable_Internet_Provide_Call_Generic_Fulfillment_RMS"/><AttributeGroup><ElementId value="Product_Cable_Internet_Provide_RGS_attr_group"/></AttributeGroup><GroupingCriteria><BusinessRule_Rule template_id="EPC_Rule"><BusinessRule_Rule>397e50db-4e20-49fd-ad52-a41d86213f6c</BusinessRule_Rule><BusinessRule_Pattern value="397e50db-4e20-49fd-ad52-a41d86213f6c"/><BusinessRule_RuleStatement><![CDATA[<root><Condition id="9dbc185d-ecaf-4f86-b1cc-a89359d20471"/><Operator>or</Operator><Condition id="9dbc185d-ecaf-4f86-b1cc-a89359d20471"/><Operator>or</Operator><Condition id="9dbc185d-ecaf-4f86-b1cc-a89359d20471"/><Operator>or</Operator><Condition id="9dbc185d-ecaf-4f86-b1cc-a89359d20471"/><Operator>or</Operator><Condition id="397e50db-4e20-49fd-ad52-a41d86213f6c"/></root>]]></BusinessRule_RuleStatement><BusinessRule_BBAndParameterValues><BusinessRule_RuleBBAndParameterValues template_id="EPC_Rule_BB_And_Parameter_Values_Template"><BusinessRule_BuildingBlock value="9dbc185d-ecaf-4f86-b1cc-a89359d20471"/><BusinessRule_ParameterValues><BusinessRule_RuleParameterValues template_id="EPC_Rule_Parameter_Values_Template"><BusinessRule_ParameterUniqueId value="AllAttributes"/><BusinessRule_ParameterDefinition value="ecc88e97-76df-49d1-b1dc-1619730c9712"/><BusinessRule_ETValues/><BusinessRule_RefValues><ElementId value="f6d526a5-1da3-470e-bda7-5d12480949e8"/></BusinessRule_RefValues></BusinessRule_RuleParameterValues><BusinessRule_RuleParameterValues template_id="EPC_Rule_Parameter_Values_Template"><BusinessRule_ParameterUniqueId value="operand"/><BusinessRule_ParameterDefinition value="b8f9798a-8332-42b8-9c38-14201934086f"/><BusinessRule_ETValues><Value value="=" extra_data="1073741823" rule_et_param_type_id="6"/></BusinessRule_ETValues><BusinessRule_RefValues/></BusinessRule_RuleParameterValues><BusinessRule_RuleParameterValues template_id="EPC_Rule_Parameter_Values_Template"><BusinessRule_ParameterUniqueId value="stringConstant"/><BusinessRule_ParameterDefinition value="e3be3877-0743-42af-bc88-5edf23b2a1f5"/><BusinessRule_ETValues><Value value="c_Access"/></BusinessRule_ETValues><BusinessRule_RefValues/></BusinessRule_RuleParameterValues><BusinessRule_RuleParameterValues template_id="EPC_Rule_Parameter_Values_Template"><BusinessRule_ParameterUniqueId value="AllAttributes1"/><BusinessRule_ParameterDefinition value="388e76d2-2712-4741-b9f5-d911e2cabc78"/><BusinessRule_ETValues/><BusinessRule_RefValues><ElementId value="f6d526a5-1da3-470e-bda7-5d12480949e8"/></BusinessRule_RefValues></BusinessRule_RuleParameterValues><BusinessRule_RuleParameterValues template_id="EPC_Rule_Parameter_Values_Template"><BusinessRule_ParameterUniqueId value="operand1"/><BusinessRule_ParameterDefinition value="a6af1dc2-d446-4743-b043-15013f861358"/><BusinessRule_ETValues><Value value="=" extra_data="1073741823" rule_et_param_type_id="6"/></BusinessRule_ETValues><BusinessRule_RefValues/></BusinessRule_RuleParameterValues><BusinessRule_RuleParameterValues template_id="EPC_Rule_Parameter_Values_Template"><BusinessRule_ParameterUniqueId value="stringConstant1"/><BusinessRule_ParameterDefinition value="1a0c1639-2c7d-44c8-99ef-a8e6152c57a9"/><BusinessRule_ETValues><Value value="c_Access"/></BusinessRule_ETValues><BusinessRule_RefValues/></BusinessRule_RuleParameterValues></BusinessRule_ParameterValues></BusinessRule_RuleBBAndParameterValues><BusinessRule_RuleBBAndParameterValues template_id="EPC_Rule_BB_And_Parameter_Values_Template"><BusinessRule_BuildingBlock value="9dbc185d-ecaf-4f86-b1cc-a89359d20471"/><BusinessRule_ParameterValues><BusinessRule_RuleParameterValues template_id="EPC_Rule_Parameter_Values_Template"><BusinessRule_ParameterUniqueId value="AllAttributes"/><BusinessRule_ParameterDefinition value="ecc88e97-76df-49d1-b1dc-1619730c9712"/><BusinessRule_ETValues/><BusinessRule_RefValues><ElementId value="f6d526a5-1da3-470e-bda7-5d12480949e8"/></BusinessRule_RefValues></BusinessRule_RuleParameterValues><BusinessRule_RuleParameterValues template_id="EPC_Rule_Parameter_Values_Template"><BusinessRule_ParameterUniqueId value="operand"/><BusinessRule_ParameterDefinition value="b8f9798a-8332-42b8-9c38-14201934086f"/><BusinessRule_ETValues><Value value="=" extra_data="1073741823" rule_et_param_type_id="6"/></BusinessRule_ETValues><BusinessRule_RefValues/></BusinessRule_RuleParameterValues><BusinessRule_RuleParameterValues template_id="EPC_Rule_Parameter_Values_Template"><BusinessRule_ParameterUniqueId value="stringConstant"/><BusinessRule_ParameterDefinition value="e3be3877-0743-42af-bc88-5edf23b2a1f5"/><BusinessRule_ETValues><Value value="c_TV"/></BusinessRule_ETValues><BusinessRule_RefValues/></BusinessRule_RuleParameterValues><BusinessRule_RuleParameterValues template_id="EPC_Rule_Parameter_Values_Template"><BusinessRule_ParameterUniqueId value="AllAttributes1"/><BusinessRule_ParameterDefinition value="388e76d2-2712-4741-b9f5-d911e2cabc78"/><BusinessRule_ETValues/><BusinessRule_RefValues><ElementId value="f6d526a5-1da3-470e-bda7-5d12480949e8"/></BusinessRule_RefValues></BusinessRule_RuleParameterValues><BusinessRule_RuleParameterValues template_id="EPC_Rule_Parameter_Values_Template"><BusinessRule_ParameterUniqueId value="operand1"/><BusinessRule_ParameterDefinition value="a6af1dc2-d446-4743-b043-15013f861358"/><BusinessRule_ETValues><Value value="=" extra_data="1073741823" rule_et_param_type_id="6"/></BusinessRule_ETValues><BusinessRule_RefValues/></BusinessRule_RuleParameterValues><BusinessRule_RuleParameterValues template_id="EPC_Rule_Parameter_Values_Template"><BusinessRule_ParameterUniqueId value="stringConstant1"/><BusinessRule_ParameterDefinition value="1a0c1639-2c7d-44c8-99ef-a8e6152c57a9"/><BusinessRule_ETValues><Value value="c_TV"/></BusinessRule_ETValues><BusinessRule_RefValues/></BusinessRule_RuleParameterValues></BusinessRule_ParameterValues></BusinessRule_RuleBBAndParameterValues><BusinessRule_RuleBBAndParameterValues template_id="EPC_Rule_BB_And_Parameter_Values_Template"><BusinessRule_BuildingBlock value="9dbc185d-ecaf-4f86-b1cc-a89359d20471"/><BusinessRule_ParameterValues><BusinessRule_RuleParameterValues template_id="EPC_Rule_Parameter_Values_Template"><BusinessRule_ParameterUniqueId value="AllAttributes"/><BusinessRule_ParameterDefinition value="ecc88e97-76df-49d1-b1dc-1619730c9712"/><BusinessRule_ETValues/><BusinessRule_RefValues><ElementId value="f6d526a5-1da3-470e-bda7-5d12480949e8"/></BusinessRule_RefValues></BusinessRule_RuleParameterValues><BusinessRule_RuleParameterValues template_id="EPC_Rule_Parameter_Values_Template"><BusinessRule_ParameterUniqueId value="operand"/><BusinessRule_ParameterDefinition value="b8f9798a-8332-42b8-9c38-14201934086f"/><BusinessRule_ETValues><Value value="=" extra_data="1073741823" rule_et_param_type_id="6"/></BusinessRule_ETValues><BusinessRule_RefValues/></BusinessRule_RuleParameterValues><BusinessRule_RuleParameterValues template_id="EPC_Rule_Parameter_Values_Template"><BusinessRule_ParameterUniqueId value="stringConstant"/><BusinessRule_ParameterDefinition value="e3be3877-0743-42af-bc88-5edf23b2a1f5"/><BusinessRule_ETValues><Value value="c_CPE"/></BusinessRule_ETValues><BusinessRule_RefValues/></BusinessRule_RuleParameterValues><BusinessRule_RuleParameterValues template_id="EPC_Rule_Parameter_Values_Template"><BusinessRule_ParameterUniqueId value="AllAttributes1"/><BusinessRule_ParameterDefinition value="388e76d2-2712-4741-b9f5-d911e2cabc78"/><BusinessRule_ETValues/><BusinessRule_RefValues><ElementId value="f6d526a5-1da3-470e-bda7-5d12480949e8"/></BusinessRule_RefValues></BusinessRule_RuleParameterValues><BusinessRule_RuleParameterValues template_id="EPC_Rule_Parameter_Values_Template"><BusinessRule_ParameterUniqueId value="operand1"/><BusinessRule_ParameterDefinition value="a6af1dc2-d446-4743-b043-15013f861358"/><BusinessRule_ETValues><Value value="=" extra_data="1073741823" rule_et_param_type_id="6"/></BusinessRule_ETValues><BusinessRule_RefValues/></BusinessRule_RuleParameterValues><BusinessRule_RuleParameterValues template_id="EPC_Rule_Parameter_Values_Template"><BusinessRule_ParameterUniqueId value="stringConstant1"/><BusinessRule_ParameterDefinition value="1a0c1639-2c7d-44c8-99ef-a8e6152c57a9"/><BusinessRule_ETValues><Value value="c_CPE"/></BusinessRule_ETValues><BusinessRule_RefValues/></BusinessRule_RuleParameterValues></BusinessRule_ParameterValues></BusinessRule_RuleBBAndParameterValues><BusinessRule_RuleBBAndParameterValues template_id="EPC_Rule_BB_And_Parameter_Values_Template"><BusinessRule_BuildingBlock value="9dbc185d-ecaf-4f86-b1cc-a89359d20471"/><BusinessRule_ParameterValues><BusinessRule_RuleParameterValues template_id="EPC_Rule_Parameter_Values_Template"><BusinessRule_ParameterUniqueId value="AllAttributes"/><BusinessRule_ParameterDefinition value="ecc88e97-76df-49d1-b1dc-1619730c9712"/><BusinessRule_ETValues/><BusinessRule_RefValues><ElementId value="f6d526a5-1da3-470e-bda7-5d12480949e8"/></BusinessRule_RefValues></BusinessRule_RuleParameterValues><BusinessRule_RuleParameterValues template_id="EPC_Rule_Parameter_Values_Template"><BusinessRule_ParameterUniqueId value="operand"/><BusinessRule_ParameterDefinition value="b8f9798a-8332-42b8-9c38-14201934086f"/><BusinessRule_ETValues><Value value="=" extra_data="1073741823" rule_et_param_type_id="6"/></BusinessRule_ETValues><BusinessRule_RefValues/></BusinessRule_RuleParameterValues><BusinessRule_RuleParameterValues template_id="EPC_Rule_Parameter_Values_Template"><BusinessRule_ParameterUniqueId value="stringConstant"/><BusinessRule_ParameterDefinition value="e3be3877-0743-42af-bc88-5edf23b2a1f5"/><BusinessRule_ETValues><Value value="c_Internet"/></BusinessRule_ETValues><BusinessRule_RefValues/></BusinessRule_RuleParameterValues><BusinessRule_RuleParameterValues template_id="EPC_Rule_Parameter_Values_Template"><BusinessRule_ParameterUniqueId value="AllAttributes1"/><BusinessRule_ParameterDefinition value="388e76d2-2712-4741-b9f5-d911e2cabc78"/><BusinessRule_ETValues/><BusinessRule_RefValues><ElementId value="f6d526a5-1da3-470e-bda7-5d12480949e8"/></BusinessRule_RefValues></BusinessRule_RuleParameterValues><BusinessRule_RuleParameterValues template_id="EPC_Rule_Parameter_Values_Template"><BusinessRule_ParameterUniqueId value="operand1"/><BusinessRule_ParameterDefinition value="a6af1dc2-d446-4743-b043-15013f861358"/><BusinessRule_ETValues><Value value="=" extra_data="1073741823" rule_et_param_type_id="6"/></BusinessRule_ETValues><BusinessRule_RefValues/></BusinessRule_RuleParameterValues><BusinessRule_RuleParameterValues template_id="EPC_Rule_Parameter_Values_Template"><BusinessRule_ParameterUniqueId value="stringConstant1"/><BusinessRule_ParameterDefinition value="1a0c1639-2c7d-44c8-99ef-a8e6152c57a9"/><BusinessRule_ETValues><Value value="c_Internet"/></BusinessRule_ETValues><BusinessRule_RefValues/></BusinessRule_RuleParameterValues></BusinessRule_ParameterValues></BusinessRule_RuleBBAndParameterValues><BusinessRule_RuleBBAndParameterValues template_id="EPC_Rule_BB_And_Parameter_Values_Template"><BusinessRule_BuildingBlock value="397e50db-4e20-49fd-ad52-a41d86213f6c"/><BusinessRule_ParameterValues><BusinessRule_RuleParameterValues template_id="EPC_Rule_Parameter_Values_Template"><BusinessRule_ParameterUniqueId value="AllAttributes"/><BusinessRule_ParameterDefinition value="ecc88e97-76df-49d1-b1dc-1619730c9712"/><BusinessRule_ETValues/><BusinessRule_RefValues><ElementId value="f6d526a5-1da3-470e-bda7-5d12480949e8"/></BusinessRule_RefValues></BusinessRule_RuleParameterValues><BusinessRule_RuleParameterValues template_id="EPC_Rule_Parameter_Values_Template"><BusinessRule_ParameterUniqueId value="operand"/><BusinessRule_ParameterDefinition value="b8f9798a-8332-42b8-9c38-14201934086f"/><BusinessRule_ETValues><Value value="=" extra_data="1073741823" rule_et_param_type_id="6"/></BusinessRule_ETValues><BusinessRule_RefValues/></BusinessRule_RuleParameterValues><BusinessRule_RuleParameterValues template_id="EPC_Rule_Parameter_Values_Template"><BusinessRule_ParameterUniqueId value="stringConstant"/><BusinessRule_ParameterDefinition value="e3be3877-0743-42af-bc88-5edf23b2a1f5"/><BusinessRule_ETValues><Value value="c_Fixed_Voice"/></BusinessRule_ETValues><BusinessRule_RefValues/></BusinessRule_RuleParameterValues><BusinessRule_RuleParameterValues template_id="EPC_Rule_Parameter_Values_Template"><BusinessRule_ParameterUniqueId value="AllAttributes1"/><BusinessRule_ParameterDefinition value="388e76d2-2712-4741-b9f5-d911e2cabc78"/><BusinessRule_ETValues/><BusinessRule_RefValues><ElementId value="f6d526a5-1da3-470e-bda7-5d12480949e8"/></BusinessRule_RefValues></BusinessRule_RuleParameterValues><BusinessRule_RuleParameterValues template_id="EPC_Rule_Parameter_Values_Template"><BusinessRule_ParameterUniqueId value="operand1"/><BusinessRule_ParameterDefinition value="a6af1dc2-d446-4743-b043-15013f861358"/><BusinessRule_ETValues><Value value="=" extra_data="1073741823" rule_et_param_type_id="6"/></BusinessRule_ETValues><BusinessRule_RefValues/></BusinessRule_RuleParameterValues><BusinessRule_RuleParameterValues template_id="EPC_Rule_Parameter_Values_Template"><BusinessRule_ParameterUniqueId value="stringConstant1"/><BusinessRule_ParameterDefinition value="1a0c1639-2c7d-44c8-99ef-a8e6152c57a9"/><BusinessRule_ETValues><Value value="c_Fixed_Voice"/></BusinessRule_ETValues><BusinessRule_RefValues/></BusinessRule_RuleParameterValues></BusinessRule_ParameterValues></BusinessRule_RuleBBAndParameterValues></BusinessRule_BBAndParameterValues><BusinessRule_DirtyIndicator value="2021-03-04T08:42:10"/><BusinessRule_SyntaxGenerationLastDate value="2021-03-04T08:42:20"/><BusinessRule_BusinessModeIndicator value="true"/></BusinessRule_Rule></GroupingCriteria><GroupingCriteriaAttribute/><useSpecCode value="true"/><AdditionalProperties/></RequestGroupingSpecVersion></RequestGroupingSpecVersions></RequestGroupingSpec><RequestGroupingSpec id="CFS_c_Access_Provide_RGS" action="noChange" core_data_overridden="false"><Name><Value locale="en">CFS_c_Access_Provide_RGS</Value></Name><RequestGroupingSpecVersions><RequestGroupingSpecVersion effective="1900-01-01T00:00:00" expiration="NONE" versionId="1" action="noChange"><Description><Value value="CFS_c_Access_Provide_RGS" locale="en"/></Description><Code value="CFS_c_Access_Provide_RGS"/><TargetRequestMappingSpec value="CFS_c_Access_Provide_Access_Provide_Service_Order_Workflow_IMPERATIVE_RMS"/><AttributeGroup><ElementId value="CFS_c_Access_Provide_RGS_attr_group"/></AttributeGroup><GroupingCriteria><BusinessRule_Rule template_id="EPC_Rule"><BusinessRule_Rule>dummy rule expression</BusinessRule_Rule><BusinessRule_Pattern value="fb30fa4b-1d70-45ac-be2a-61786d0440c5"/><BusinessRule_RuleStatement><![CDATA[<root><Condition id="adee65fa-bb8c-4dd1-a2c8-cb91aa34b742"/><Operator>and</Operator><Condition id="fb30fa4b-1d70-45ac-be2a-61786d0440c5"/></root>]]></BusinessRule_RuleStatement><BusinessRule_BBAndParameterValues><BusinessRule_RuleBBAndParameterValues template_id="EPC_Rule_BB_And_Parameter_Values_Template"><BusinessRule_BuildingBlock value="adee65fa-bb8c-4dd1-a2c8-cb91aa34b742"/><BusinessRule_ParameterValues><BusinessRule_RuleParameterValues template_id="EPC_Rule_Parameter_Values_Template"><BusinessRule_ParameterUniqueId value="ProfileAttribute"/><BusinessRule_ParameterDefinition value="c0927563-124f-4459-a8d2-348ec4f63ca3"/><BusinessRule_ETValues/><BusinessRule_RefValues><ElementId value="f6d526a5-1da3-470e-bda7-5d12480949e8"/></BusinessRule_RefValues></BusinessRule_RuleParameterValues><BusinessRule_RuleParameterValues template_id="EPC_Rule_Parameter_Values_Template"><BusinessRule_ParameterUniqueId value="operand"/><BusinessRule_ParameterDefinition value="b8f9798a-8332-42b8-9c38-14201934086f"/><BusinessRule_ETValues><Value value="=" extra_data="1073741823" rule_et_param_type_id="6"/></BusinessRule_ETValues><BusinessRule_RefValues/></BusinessRule_RuleParameterValues><BusinessRule_RuleParameterValues template_id="EPC_Rule_Parameter_Values_Template"><BusinessRule_ParameterUniqueId value="stringConstant"/><BusinessRule_ParameterDefinition value="e3be3877-0743-42af-bc88-5edf23b2a1f5"/><BusinessRule_ETValues><Value value="c_Access"/></BusinessRule_ETValues><BusinessRule_RefValues/></BusinessRule_RuleParameterValues></BusinessRule_ParameterValues></BusinessRule_RuleBBAndParameterValues><BusinessRule_RuleBBAndParameterValues template_id="EPC_Rule_BB_And_Parameter_Values_Template"><BusinessRule_BuildingBlock value="fb30fa4b-1d70-45ac-be2a-61786d0440c5"/><BusinessRule_ParameterValues><BusinessRule_RuleParameterValues template_id="EPC_Rule_Parameter_Values_Template"><BusinessRule_ParameterUniqueId value="AllAttributes"/><BusinessRule_ParameterDefinition value="ecc88e97-76df-49d1-b1dc-1619730c9712"/><BusinessRule_ETValues/><BusinessRule_RefValues><ElementId value="dc616cc3-dba0-4a09-9037-00fa9e3f7237"/></BusinessRule_RefValues></BusinessRule_RuleParameterValues><BusinessRule_RuleParameterValues template_id="EPC_Rule_Parameter_Values_Template"><BusinessRule_ParameterUniqueId value="operand"/><BusinessRule_ParameterDefinition value="b8f9798a-8332-42b8-9c38-14201934086f"/><BusinessRule_ETValues><Value value="=" extra_data="1073741823" rule_et_param_type_id="6"/></BusinessRule_ETValues><BusinessRule_RefValues/></BusinessRule_RuleParameterValues><BusinessRule_RuleParameterValues template_id="EPC_Rule_Parameter_Values_Template"><BusinessRule_ParameterUniqueId value="stringConstant"/><BusinessRule_ParameterDefinition value="e3be3877-0743-42af-bc88-5edf23b2a1f5"/><BusinessRule_ETValues><Value value="PR"/></BusinessRule_ETValues><BusinessRule_RefValues/></BusinessRule_RuleParameterValues></BusinessRule_ParameterValues></BusinessRule_RuleBBAndParameterValues></BusinessRule_BBAndParameterValues><BusinessRule_DirtyIndicator value="2021-03-04T08:42:10"/><BusinessRule_SyntaxGenerationLastDate value="2021-03-04T08:42:20"/><BusinessRule_BusinessModeIndicator value="true"/></BusinessRule_Rule></GroupingCriteria><GroupingCriteriaAttribute/><useSpecCode value="true"/><AdditionalProperties/></RequestGroupingSpecVersion></RequestGroupingSpecVersions></RequestGroupingSpec><RequestGroupingSpec id="CFS_c_Internet_Modify_RGS" action="noChange" core_data_overridden="false"><Name><Value locale="en">CFS_c_Internet_Modify_RGS</Value></Name><RequestGroupingSpecVersions><RequestGroupingSpecVersion effective="1900-01-01T00:00:00" expiration="NONE" versionId="1" action="noChange"><Description><Value value="CFS_c_Internet_Modify_RGS" locale="en"/></Description><Code value="CFS_c_Internet_Modify_RGS"/><TargetRequestMappingSpec value="CFS_c_Internet_Modify_Internet_Provide_Service_Order_Workflow_IMPERATIVE_RMS"/><AttributeGroup><ElementId value="CFS_c_Internet_Modify_RGS_attr_group"/></AttributeGroup><GroupingCriteria><BusinessRule_Rule template_id="EPC_Rule"><BusinessRule_Rule>dummy rule expression</BusinessRule_Rule><BusinessRule_Pattern value="fb30fa4b-1d70-45ac-be2a-61786d0440c5"/><BusinessRule_RuleStatement><![CDATA[<root><Condition id="adee65fa-bb8c-4dd1-a2c8-cb91aa34b742"/><Operator>and</Operator><Condition id="fb30fa4b-1d70-45ac-be2a-61786d0440c5"/></root>]]></BusinessRule_RuleStatement><BusinessRule_BBAndParameterValues><BusinessRule_RuleBBAndParameterValues template_id="EPC_Rule_BB_And_Parameter_Values_Template"><BusinessRule_BuildingBlock value="adee65fa-bb8c-4dd1-a2c8-cb91aa34b742"/><BusinessRule_ParameterValues><BusinessRule_RuleParameterValues template_id="EPC_Rule_Parameter_Values_Template"><BusinessRule_ParameterUniqueId value="ProfileAttribute"/><BusinessRule_ParameterDefinition value="c0927563-124f-4459-a8d2-348ec4f63ca3"/><BusinessRule_ETValues/><BusinessRule_RefValues><ElementId value="f6d526a5-1da3-470e-bda7-5d12480949e8"/></BusinessRule_RefValues></BusinessRule_RuleParameterValues><BusinessRule_RuleParameterValues template_id="EPC_Rule_Parameter_Values_Template"><BusinessRule_ParameterUniqueId value="operand"/><BusinessRule_ParameterDefinition value="b8f9798a-8332-42b8-9c38-14201934086f"/><BusinessRule_ETValues><Value value="=" extra_data="1073741823" rule_et_param_type_id="6"/></BusinessRule_ETValues><BusinessRule_RefValues/></BusinessRule_RuleParameterValues><BusinessRule_RuleParameterValues template_id="EPC_Rule_Parameter_Values_Template"><BusinessRule_ParameterUniqueId value="stringConstant"/><BusinessRule_ParameterDefinition value="e3be3877-0743-42af-bc88-5edf23b2a1f5"/><BusinessRule_ETValues><Value value="c_Internet"/></BusinessRule_ETValues><BusinessRule_RefValues/></BusinessRule_RuleParameterValues></BusinessRule_ParameterValues></BusinessRule_RuleBBAndParameterValues><BusinessRule_RuleBBAndParameterValues template_id="EPC_Rule_BB_And_Parameter_Values_Template"><BusinessRule_BuildingBlock value="fb30fa4b-1d70-45ac-be2a-61786d0440c5"/><BusinessRule_ParameterValues><BusinessRule_RuleParameterValues template_id="EPC_Rule_Parameter_Values_Template"><BusinessRule_ParameterUniqueId value="AllAttributes"/><BusinessRule_ParameterDefinition value="ecc88e97-76df-49d1-b1dc-1619730c9712"/><BusinessRule_ETValues/><BusinessRule_RefValues><ElementId value="dc616cc3-dba0-4a09-9037-00fa9e3f7237"/></BusinessRule_RefValues></BusinessRule_RuleParameterValues><BusinessRule_RuleParameterValues template_id="EPC_Rule_Parameter_Values_Template"><BusinessRule_ParameterUniqueId value="operand"/><BusinessRule_ParameterDefinition value="b8f9798a-8332-42b8-9c38-14201934086f"/><BusinessRule_ETValues><Value value="=" extra_data="1073741823" rule_et_param_type_id="6"/></BusinessRule_ETValues><BusinessRule_RefValues/></BusinessRule_RuleParameterValues><BusinessRule_RuleParameterValues template_id="EPC_Rule_Parameter_Values_Template"><BusinessRule_ParameterUniqueId value="stringConstant"/><BusinessRule_ParameterDefinition value="e3be3877-0743-42af-bc88-5edf23b2a1f5"/><BusinessRule_ETValues><Value value="CH"/></BusinessRule_ETValues><BusinessRule_RefValues/></BusinessRule_RuleParameterValues></BusinessRule_ParameterValues></BusinessRule_RuleBBAndParameterValues></BusinessRule_BBAndParameterValues><BusinessRule_DirtyIndicator value="2021-03-04T08:42:10"/><BusinessRule_SyntaxGenerationLastDate value="2021-03-04T08:42:20"/><BusinessRule_BusinessModeIndicator value="true"/></BusinessRule_Rule></GroupingCriteria><GroupingCriteriaAttribute/><useSpecCode value="true"/><AdditionalProperties/></RequestGroupingSpecVersion></RequestGroupingSpecVersions></RequestGroupingSpec><RequestGroupingSpec id="CFS_c_Internet_Provide_RGS" action="noChange" core_data_overridden="false"><Name><Value locale="en">CFS_c_Internet_Provide_RGS</Value></Name><RequestGroupingSpecVersions><RequestGroupingSpecVersion effective="1900-01-01T00:00:00" expiration="NONE" versionId="1" action="noChange"><Description><Value value="CFS_c_Internet_Provide_RGS" locale="en"/></Description><Code value="CFS_c_Internet_Provide_RGS"/><TargetRequestMappingSpec value="CFS_c_Internet_Provide_Internet_Provide_Service_Order_Workflow_IMPERATIVE_RMS"/><AttributeGroup><ElementId value="CFS_c_Internet_Provide_RGS_attr_group"/></AttributeGroup><GroupingCriteria><BusinessRule_Rule template_id="EPC_Rule"><BusinessRule_Rule>dummy rule expression</BusinessRule_Rule><BusinessRule_Pattern value="fb30fa4b-1d70-45ac-be2a-61786d0440c5"/><BusinessRule_RuleStatement><![CDATA[<root><Condition id="adee65fa-bb8c-4dd1-a2c8-cb91aa34b742"/><Operator>and</Operator><Condition id="fb30fa4b-1d70-45ac-be2a-61786d0440c5"/></root>]]></BusinessRule_RuleStatement><BusinessRule_BBAndParameterValues><BusinessRule_RuleBBAndParameterValues template_id="EPC_Rule_BB_And_Parameter_Values_Template"><BusinessRule_BuildingBlock value="adee65fa-bb8c-4dd1-a2c8-cb91aa34b742"/><BusinessRule_ParameterValues><BusinessRule_RuleParameterValues template_id="EPC_Rule_Parameter_Values_Template"><BusinessRule_ParameterUniqueId value="ProfileAttribute"/><BusinessRule_ParameterDefinition value="c0927563-124f-4459-a8d2-348ec4f63ca3"/><BusinessRule_ETValues/><BusinessRule_RefValues><ElementId value="f6d526a5-1da3-470e-bda7-5d12480949e8"/></BusinessRule_RefValues></BusinessRule_RuleParameterValues><BusinessRule_RuleParameterValues template_id="EPC_Rule_Parameter_Values_Template"><BusinessRule_ParameterUniqueId value="operand"/><BusinessRule_ParameterDefinition value="b8f9798a-8332-42b8-9c38-14201934086f"/><BusinessRule_ETValues><Value value="=" extra_data="1073741823" rule_et_param_type_id="6"/></BusinessRule_ETValues><BusinessRule_RefValues/></BusinessRule_RuleParameterValues><BusinessRule_RuleParameterValues template_id="EPC_Rule_Parameter_Values_Template"><BusinessRule_ParameterUniqueId value="stringConstant"/><BusinessRule_ParameterDefinition value="e3be3877-0743-42af-bc88-5edf23b2a1f5"/><BusinessRule_ETValues><Value value="c_Internet"/></BusinessRule_ETValues><BusinessRule_RefValues/></BusinessRule_RuleParameterValues></BusinessRule_ParameterValues></BusinessRule_RuleBBAndParameterValues><BusinessRule_RuleBBAndParameterValues template_id="EPC_Rule_BB_And_Parameter_Values_Template"><BusinessRule_BuildingBlock value="fb30fa4b-1d70-45ac-be2a-61786d0440c5"/><BusinessRule_ParameterValues><BusinessRule_RuleParameterValues template_id="EPC_Rule_Parameter_Values_Template"><BusinessRule_ParameterUniqueId value="AllAttributes"/><BusinessRule_ParameterDefinition value="ecc88e97-76df-49d1-b1dc-1619730c9712"/><BusinessRule_ETValues/><BusinessRule_RefValues><ElementId value="dc616cc3-dba0-4a09-9037-00fa9e3f7237"/></BusinessRule_RefValues></BusinessRule_RuleParameterValues><BusinessRule_RuleParameterValues template_id="EPC_Rule_Parameter_Values_Template"><BusinessRule_ParameterUniqueId value="operand"/><BusinessRule_ParameterDefinition value="b8f9798a-8332-42b8-9c38-14201934086f"/><BusinessRule_ETValues><Value value="=" extra_data="1073741823" rule_et_param_type_id="6"/></BusinessRule_ETValues><BusinessRule_RefValues/></BusinessRule_RuleParameterValues><BusinessRule_RuleParameterValues template_id="EPC_Rule_Parameter_Values_Template"><BusinessRule_ParameterUniqueId value="stringConstant"/><BusinessRule_ParameterDefinition value="e3be3877-0743-42af-bc88-5edf23b2a1f5"/><BusinessRule_ETValues><Value value="PR"/></BusinessRule_ETValues><BusinessRule_RefValues/></BusinessRule_RuleParameterValues></BusinessRule_ParameterValues></BusinessRule_RuleBBAndParameterValues></BusinessRule_BBAndParameterValues><BusinessRule_DirtyIndicator value="2021-03-04T08:42:10"/><BusinessRule_SyntaxGenerationLastDate value="2021-03-04T08:42:20"/><BusinessRule_BusinessModeIndicator value="true"/></BusinessRule_Rule></GroupingCriteria><GroupingCriteriaAttribute/><useSpecCode value="true"/><AdditionalProperties/></RequestGroupingSpecVersion></RequestGroupingSpecVersions></RequestGroupingSpec><RequestGroupingSpec id="CFS_c_CPE_Modify_RGS" action="noChange" core_data_overridden="false"><Name><Value locale="en">CFS_c_CPE_Modify_RGS</Value></Name><RequestGroupingSpecVersions><RequestGroupingSpecVersion effective="1900-01-01T00:00:00" expiration="NONE" versionId="1" action="noChange"><Description><Value value="CFS_c_CPE_Modify_RGS" locale="en"/></Description><Code value="CFS_c_CPE_Modify_RGS"/><TargetRequestMappingSpec value="CFS_c_CPE_Modify_CPE_Provide_Service_Order_Workflow_IMPERATIVE_RMS"/><AttributeGroup><ElementId value="CFS_c_CPE_Modify_RGS_attr_group"/></AttributeGroup><GroupingCriteria><BusinessRule_Rule template_id="EPC_Rule"><BusinessRule_Rule>dummy rule expression</BusinessRule_Rule><BusinessRule_Pattern value="fb30fa4b-1d70-45ac-be2a-61786d0440c5"/><BusinessRule_RuleStatement><![CDATA[<root><Condition id="adee65fa-bb8c-4dd1-a2c8-cb91aa34b742"/><Operator>and</Operator><Condition id="fb30fa4b-1d70-45ac-be2a-61786d0440c5"/></root>]]></BusinessRule_RuleStatement><BusinessRule_BBAndParameterValues><BusinessRule_RuleBBAndParameterValues template_id="EPC_Rule_BB_And_Parameter_Values_Template"><BusinessRule_BuildingBlock value="adee65fa-bb8c-4dd1-a2c8-cb91aa34b742"/><BusinessRule_ParameterValues><BusinessRule_RuleParameterValues template_id="EPC_Rule_Parameter_Values_Template"><BusinessRule_ParameterUniqueId value="ProfileAttribute"/><BusinessRule_ParameterDefinition value="c0927563-124f-4459-a8d2-348ec4f63ca3"/><BusinessRule_ETValues/><BusinessRule_RefValues><ElementId value="f6d526a5-1da3-470e-bda7-5d12480949e8"/></BusinessRule_RefValues></BusinessRule_RuleParameterValues><BusinessRule_RuleParameterValues template_id="EPC_Rule_Parameter_Values_Template"><BusinessRule_ParameterUniqueId value="operand"/><BusinessRule_ParameterDefinition value="b8f9798a-8332-42b8-9c38-14201934086f"/><BusinessRule_ETValues><Value value="=" extra_data="1073741823" rule_et_param_type_id="6"/></BusinessRule_ETValues><BusinessRule_RefValues/></BusinessRule_RuleParameterValues><BusinessRule_RuleParameterValues template_id="EPC_Rule_Parameter_Values_Template"><BusinessRule_ParameterUniqueId value="stringConstant"/><BusinessRule_ParameterDefinition value="e3be3877-0743-42af-bc88-5edf23b2a1f5"/><BusinessRule_ETValues><Value value="c_CPE"/></BusinessRule_ETValues><BusinessRule_RefValues/></BusinessRule_RuleParameterValues></BusinessRule_ParameterValues></BusinessRule_RuleBBAndParameterValues><BusinessRule_RuleBBAndParameterValues template_id="EPC_Rule_BB_And_Parameter_Values_Template"><BusinessRule_BuildingBlock value="fb30fa4b-1d70-45ac-be2a-61786d0440c5"/><BusinessRule_ParameterValues><BusinessRule_RuleParameterValues template_id="EPC_Rule_Parameter_Values_Template"><BusinessRule_ParameterUniqueId value="AllAttributes"/><BusinessRule_ParameterDefinition value="ecc88e97-76df-49d1-b1dc-1619730c9712"/><BusinessRule_ETValues/><BusinessRule_RefValues><ElementId value="dc616cc3-dba0-4a09-9037-00fa9e3f7237"/></BusinessRule_RefValues></BusinessRule_RuleParameterValues><BusinessRule_RuleParameterValues template_id="EPC_Rule_Parameter_Values_Template"><BusinessRule_ParameterUniqueId value="operand"/><BusinessRule_ParameterDefinition value="b8f9798a-8332-42b8-9c38-14201934086f"/><BusinessRule_ETValues><Value value="=" extra_data="1073741823" rule_et_param_type_id="6"/></BusinessRule_ETValues><BusinessRule_RefValues/></BusinessRule_RuleParameterValues><BusinessRule_RuleParameterValues template_id="EPC_Rule_Parameter_Values_Template"><BusinessRule_ParameterUniqueId value="stringConstant"/><BusinessRule_ParameterDefinition value="e3be3877-0743-42af-bc88-5edf23b2a1f5"/><BusinessRule_ETValues><Value value="CH"/></BusinessRule_ETValues><BusinessRule_RefValues/></BusinessRule_RuleParameterValues></BusinessRule_ParameterValues></BusinessRule_RuleBBAndParameterValues></BusinessRule_BBAndParameterValues><BusinessRule_DirtyIndicator value="2021-03-04T08:42:10"/><BusinessRule_SyntaxGenerationLastDate value="2021-03-04T08:42:20"/><BusinessRule_BusinessModeIndicator value="true"/></BusinessRule_Rule></GroupingCriteria><GroupingCriteriaAttribute/><useSpecCode value="true"/><AdditionalProperties/></RequestGroupingSpecVersion></RequestGroupingSpecVersions></RequestGroupingSpec><RequestGroupingSpec id="CFS_c_CPE_Provide_RGS" action="noChange" core_data_overridden="false"><Name><Value locale="en">CFS_c_CPE_Provide_RGS</Value></Name><RequestGroupingSpecVersions><RequestGroupingSpecVersion effective="1900-01-01T00:00:00" expiration="NONE" versionId="1" action="noChange"><Description><Value value="CFS_c_CPE_Provide_RGS" locale="en"/></Description><Code value="CFS_c_CPE_Provide_RGS"/><TargetRequestMappingSpec value="CFS_c_CPE_Provide_CPE_Provide_Service_Order_Workflow_IMPERATIVE_RMS"/><AttributeGroup><ElementId value="CFS_c_CPE_Provide_RGS_attr_group"/></AttributeGroup><GroupingCriteria><BusinessRule_Rule template_id="EPC_Rule"><BusinessRule_Rule>dummy rule expression</BusinessRule_Rule><BusinessRule_Pattern value="fb30fa4b-1d70-45ac-be2a-61786d0440c5"/><BusinessRule_RuleStatement><![CDATA[<root><Condition id="adee65fa-bb8c-4dd1-a2c8-cb91aa34b742"/><Operator>and</Operator><Condition id="fb30fa4b-1d70-45ac-be2a-61786d0440c5"/></root>]]></BusinessRule_RuleStatement><BusinessRule_BBAndParameterValues><BusinessRule_RuleBBAndParameterValues template_id="EPC_Rule_BB_And_Parameter_Values_Template"><BusinessRule_BuildingBlock value="adee65fa-bb8c-4dd1-a2c8-cb91aa34b742"/><BusinessRule_ParameterValues><BusinessRule_RuleParameterValues template_id="EPC_Rule_Parameter_Values_Template"><BusinessRule_ParameterUniqueId value="ProfileAttribute"/><BusinessRule_ParameterDefinition value="c0927563-124f-4459-a8d2-348ec4f63ca3"/><BusinessRule_ETValues/><BusinessRule_RefValues><ElementId value="f6d526a5-1da3-470e-bda7-5d12480949e8"/></BusinessRule_RefValues></BusinessRule_RuleParameterValues><BusinessRule_RuleParameterValues template_id="EPC_Rule_Parameter_Values_Template"><BusinessRule_ParameterUniqueId value="operand"/><BusinessRule_ParameterDefinition value="b8f9798a-8332-42b8-9c38-14201934086f"/><BusinessRule_ETValues><Value value="=" extra_data="1073741823" rule_et_param_type_id="6"/></BusinessRule_ETValues><BusinessRule_RefValues/></BusinessRule_RuleParameterValues><BusinessRule_RuleParameterValues template_id="EPC_Rule_Parameter_Values_Template"><BusinessRule_ParameterUniqueId value="stringConstant"/><BusinessRule_ParameterDefinition value="e3be3877-0743-42af-bc88-5edf23b2a1f5"/><BusinessRule_ETValues><Value value="c_CPE"/></BusinessRule_ETValues><BusinessRule_RefValues/></BusinessRule_RuleParameterValues></BusinessRule_ParameterValues></BusinessRule_RuleBBAndParameterValues><BusinessRule_RuleBBAndParameterValues template_id="EPC_Rule_BB_And_Parameter_Values_Template"><BusinessRule_BuildingBlock value="fb30fa4b-1d70-45ac-be2a-61786d0440c5"/><BusinessRule_ParameterValues><BusinessRule_RuleParameterValues template_id="EPC_Rule_Parameter_Values_Template"><BusinessRule_ParameterUniqueId value="AllAttributes"/><BusinessRule_ParameterDefinition value="ecc88e97-76df-49d1-b1dc-1619730c9712"/><BusinessRule_ETValues/><BusinessRule_RefValues><ElementId value="dc616cc3-dba0-4a09-9037-00fa9e3f7237"/></BusinessRule_RefValues></BusinessRule_RuleParameterValues><BusinessRule_RuleParameterValues template_id="EPC_Rule_Parameter_Values_Template"><BusinessRule_ParameterUniqueId value="operand"/><BusinessRule_ParameterDefinition value="b8f9798a-8332-42b8-9c38-14201934086f"/><BusinessRule_ETValues><Value value="=" extra_data="1073741823" rule_et_param_type_id="6"/></BusinessRule_ETValues><BusinessRule_RefValues/></BusinessRule_RuleParameterValues><BusinessRule_RuleParameterValues template_id="EPC_Rule_Parameter_Values_Template"><BusinessRule_ParameterUniqueId value="stringConstant"/><BusinessRule_ParameterDefinition value="e3be3877-0743-42af-bc88-5edf23b2a1f5"/><BusinessRule_ETValues><Value value="PR"/></BusinessRule_ETValues><BusinessRule_RefValues/></BusinessRule_RuleParameterValues></BusinessRule_ParameterValues></BusinessRule_RuleBBAndParameterValues></BusinessRule_BBAndParameterValues><BusinessRule_DirtyIndicator value="2021-03-04T08:42:10"/><BusinessRule_SyntaxGenerationLastDate value="2021-03-04T08:42:20"/><BusinessRule_BusinessModeIndicator value="true"/></BusinessRule_Rule></GroupingCriteria><GroupingCriteriaAttribute/><useSpecCode value="true"/><AdditionalProperties/></RequestGroupingSpecVersion></RequestGroupingSpecVersions></RequestGroupingSpec><RequestGroupingSpec id="CFS_c_TV_Provide_RGS" action="noChange" core_data_overridden="false"><Name><Value locale="en">CFS_c_TV_Provide_RGS</Value></Name><RequestGroupingSpecVersions><RequestGroupingSpecVersion effective="1900-01-01T00:00:00" expiration="NONE" versionId="1" action="noChange"><Description><Value value="CFS_c_TV_Provide_RGS" locale="en"/></Description><Code value="CFS_c_TV_Provide_RGS"/><TargetRequestMappingSpec value="CFS_c_TV_Provide_TV_Provide_Service_Order_Workflow_IMPERATIVE_RMS"/><AttributeGroup><ElementId value="CFS_c_TV_Provide_RGS_attr_group"/></AttributeGroup><GroupingCriteria><BusinessRule_Rule template_id="EPC_Rule"><BusinessRule_Rule>dummy rule expression</BusinessRule_Rule><BusinessRule_Pattern value="fb30fa4b-1d70-45ac-be2a-61786d0440c5"/><BusinessRule_RuleStatement><![CDATA[<root><Condition id="adee65fa-bb8c-4dd1-a2c8-cb91aa34b742"/><Operator>and</Operator><Condition id="fb30fa4b-1d70-45ac-be2a-61786d0440c5"/></root>]]></BusinessRule_RuleStatement><BusinessRule_BBAndParameterValues><BusinessRule_RuleBBAndParameterValues template_id="EPC_Rule_BB_And_Parameter_Values_Template"><BusinessRule_BuildingBlock value="adee65fa-bb8c-4dd1-a2c8-cb91aa34b742"/><BusinessRule_ParameterValues><BusinessRule_RuleParameterValues template_id="EPC_Rule_Parameter_Values_Template"><BusinessRule_ParameterUniqueId value="ProfileAttribute"/><BusinessRule_ParameterDefinition value="c0927563-124f-4459-a8d2-348ec4f63ca3"/><BusinessRule_ETValues/><BusinessRule_RefValues><ElementId value="f6d526a5-1da3-470e-bda7-5d12480949e8"/></BusinessRule_RefValues></BusinessRule_RuleParameterValues><BusinessRule_RuleParameterValues template_id="EPC_Rule_Parameter_Values_Template"><BusinessRule_ParameterUniqueId value="operand"/><BusinessRule_ParameterDefinition value="b8f9798a-8332-42b8-9c38-14201934086f"/><BusinessRule_ETValues><Value value="=" extra_data="1073741823" rule_et_param_type_id="6"/></BusinessRule_ETValues><BusinessRule_RefValues/></BusinessRule_RuleParameterValues><BusinessRule_RuleParameterValues template_id="EPC_Rule_Parameter_Values_Template"><BusinessRule_ParameterUniqueId value="stringConstant"/><BusinessRule_ParameterDefinition value="e3be3877-0743-42af-bc88-5edf23b2a1f5"/><BusinessRule_ETValues><Value value="c_TV"/></BusinessRule_ETValues><BusinessRule_RefValues/></BusinessRule_RuleParameterValues></BusinessRule_ParameterValues></BusinessRule_RuleBBAndParameterValues><BusinessRule_RuleBBAndParameterValues template_id="EPC_Rule_BB_And_Parameter_Values_Template"><BusinessRule_BuildingBlock value="fb30fa4b-1d70-45ac-be2a-61786d0440c5"/><BusinessRule_ParameterValues><BusinessRule_RuleParameterValues template_id="EPC_Rule_Parameter_Values_Template"><BusinessRule_ParameterUniqueId value="AllAttributes"/><BusinessRule_ParameterDefinition value="ecc88e97-76df-49d1-b1dc-1619730c9712"/><BusinessRule_ETValues/><BusinessRule_RefValues><ElementId value="dc616cc3-dba0-4a09-9037-00fa9e3f7237"/></BusinessRule_RefValues></BusinessRule_RuleParameterValues><BusinessRule_RuleParameterValues template_id="EPC_Rule_Parameter_Values_Template"><BusinessRule_ParameterUniqueId value="operand"/><BusinessRule_ParameterDefinition value="b8f9798a-8332-42b8-9c38-14201934086f"/><BusinessRule_ETValues><Value value="=" extra_data="1073741823" rule_et_param_type_id="6"/></BusinessRule_ETValues><BusinessRule_RefValues/></BusinessRule_RuleParameterValues><BusinessRule_RuleParameterValues template_id="EPC_Rule_Parameter_Values_Template"><BusinessRule_ParameterUniqueId value="stringConstant"/><BusinessRule_ParameterDefinition value="e3be3877-0743-42af-bc88-5edf23b2a1f5"/><BusinessRule_ETValues><Value value="PR"/></BusinessRule_ETValues><BusinessRule_RefValues/></BusinessRule_RuleParameterValues></BusinessRule_ParameterValues></BusinessRule_RuleBBAndParameterValues></BusinessRule_BBAndParameterValues><BusinessRule_DirtyIndicator value="2021-03-04T08:42:10"/><BusinessRule_SyntaxGenerationLastDate value="2021-03-04T08:42:20"/><BusinessRule_BusinessModeIndicator value="true"/></BusinessRule_Rule></GroupingCriteria><GroupingCriteriaAttribute/><useSpecCode value="true"/><AdditionalProperties/></RequestGroupingSpecVersion></RequestGroupingSpecVersions></RequestGroupingSpec><RequestGroupingSpec id="CFS_c_Fixed_Voice_Provide_RGS" action="noChange" core_data_overridden="false"><Name><Value locale="en">CFS_c_Fixed_Voice_Provide_RGS</Value></Name><RequestGroupingSpecVersions><RequestGroupingSpecVersion effective="1900-01-01T00:00:00" expiration="NONE" versionId="1" action="noChange"><Description><Value value="CFS_c_Fixed_Voice_Provide_RGS" locale="en"/></Description><Code value="CFS_c_Fixed_Voice_Provide_RGS"/><TargetRequestMappingSpec value="CFS_c_Fixed_Voice_Provide_VOICE_Provide_Service_Order_Workflow_IMPERATIVE_RMS"/><AttributeGroup><ElementId value="CFS_c_Fixed_Voice_Provide_RGS_attr_group"/></AttributeGroup><GroupingCriteria><BusinessRule_Rule template_id="EPC_Rule"><BusinessRule_Rule>dummy rule expression</BusinessRule_Rule><BusinessRule_Pattern value="fb30fa4b-1d70-45ac-be2a-61786d0440c5"/><BusinessRule_RuleStatement><![CDATA[<root><Condition id="adee65fa-bb8c-4dd1-a2c8-cb91aa34b742"/><Operator>and</Operator><Condition id="fb30fa4b-1d70-45ac-be2a-61786d0440c5"/></root>]]></BusinessRule_RuleStatement><BusinessRule_BBAndParameterValues><BusinessRule_RuleBBAndParameterValues template_id="EPC_Rule_BB_And_Parameter_Values_Template"><BusinessRule_BuildingBlock value="adee65fa-bb8c-4dd1-a2c8-cb91aa34b742"/><BusinessRule_ParameterValues><BusinessRule_RuleParameterValues template_id="EPC_Rule_Parameter_Values_Template"><BusinessRule_ParameterUniqueId value="ProfileAttribute"/><BusinessRule_ParameterDefinition value="c0927563-124f-4459-a8d2-348ec4f63ca3"/><BusinessRule_ETValues/><BusinessRule_RefValues><ElementId value="f6d526a5-1da3-470e-bda7-5d12480949e8"/></BusinessRule_RefValues></BusinessRule_RuleParameterValues><BusinessRule_RuleParameterValues template_id="EPC_Rule_Parameter_Values_Template"><BusinessRule_ParameterUniqueId value="operand"/><BusinessRule_ParameterDefinition value="b8f9798a-8332-42b8-9c38-14201934086f"/><BusinessRule_ETValues><Value value="=" extra_data="1073741823" rule_et_param_type_id="6"/></BusinessRule_ETValues><BusinessRule_RefValues/></BusinessRule_RuleParameterValues><BusinessRule_RuleParameterValues template_id="EPC_Rule_Parameter_Values_Template"><BusinessRule_ParameterUniqueId value="stringConstant"/><BusinessRule_ParameterDefinition value="e3be3877-0743-42af-bc88-5edf23b2a1f5"/><BusinessRule_ETValues><Value value="c_Fixed_Voice"/></BusinessRule_ETValues><BusinessRule_RefValues/></BusinessRule_RuleParameterValues></BusinessRule_ParameterValues></BusinessRule_RuleBBAndParameterValues><BusinessRule_RuleBBAndParameterValues template_id="EPC_Rule_BB_And_Parameter_Values_Template"><BusinessRule_BuildingBlock value="fb30fa4b-1d70-45ac-be2a-61786d0440c5"/><BusinessRule_ParameterValues><BusinessRule_RuleParameterValues template_id="EPC_Rule_Parameter_Values_Template"><BusinessRule_ParameterUniqueId value="AllAttributes"/><BusinessRule_ParameterDefinition value="ecc88e97-76df-49d1-b1dc-1619730c9712"/><BusinessRule_ETValues/><BusinessRule_RefValues><ElementId value="dc616cc3-dba0-4a09-9037-00fa9e3f7237"/></BusinessRule_RefValues></BusinessRule_RuleParameterValues><BusinessRule_RuleParameterValues template_id="EPC_Rule_Parameter_Values_Template"><BusinessRule_ParameterUniqueId value="operand"/><BusinessRule_ParameterDefinition value="b8f9798a-8332-42b8-9c38-14201934086f"/><BusinessRule_ETValues><Value value="=" extra_data="1073741823" rule_et_param_type_id="6"/></BusinessRule_ETValues><BusinessRule_RefValues/></BusinessRule_RuleParameterValues><BusinessRule_RuleParameterValues template_id="EPC_Rule_Parameter_Values_Template"><BusinessRule_ParameterUniqueId value="stringConstant"/><BusinessRule_ParameterDefinition value="e3be3877-0743-42af-bc88-5edf23b2a1f5"/><BusinessRule_ETValues><Value value="PR"/></BusinessRule_ETValues><BusinessRule_RefValues/></BusinessRule_RuleParameterValues></BusinessRule_ParameterValues></BusinessRule_RuleBBAndParameterValues></BusinessRule_BBAndParameterValues><BusinessRule_DirtyIndicator value="2021-03-04T08:42:10"/><BusinessRule_SyntaxGenerationLastDate value="2021-03-04T08:42:20"/><BusinessRule_BusinessModeIndicator value="true"/></BusinessRule_Rule></GroupingCriteria><GroupingCriteriaAttribute/><useSpecCode value="true"/><AdditionalProperties/></RequestGroupingSpecVersion></RequestGroupingSpecVersions></RequestGroupingSpec></RequestGroupingSpecList>