<?xml version="1.0" encoding="UTF-8" standalone="yes"?><ProjectActionImplementationList><Id>c8dc902f-e89e-4c6a-98ea-bb1390a30a07</Id><ProjectActionImplementation id="d2687ddf4b9a441ba818d6431cf4397e" action="noChange" core_data_overridden="false"><Name><Value locale="en">EscalationUpdateOrderActionImpl</Value><Value locale="pt_BR">EscalationUpdateOrderActionImpl</Value><Value locale="es">EscalationUpdateOrderActionImpl</Value></Name><ProjectActionImplementationVersions><ProjectActionImplementationVersion effective="2020-12-20T08:04:16" expiration="2020-12-21T06:54:05" versionId="1" action="noChange"><Description><Value value="EscalationUpdateOrderActionImpl" locale="en"/></Description><ActionnImplementationType value="Email" index=""><Name><Value locale="en"></Value><Value locale="pt_BR"></Value><Value locale="es"></Value></Name></ActionnImplementationType><Class value="com.amdocs.oss.server.components.action.impl.EscalationUpdateOrderActionImpl"/><ActionImplementationParameter/><AdditionalProperties/></ProjectActionImplementationVersion><ProjectActionImplementationVersion effective="2020-12-21T06:54:06" expiration="NONE" versionId="2" action="noChange"><Description><Value value="EscalationUpdateOrderActionImpl" locale="en"/></Description><ActionnImplementationType value="Email" index=""><Name><Value locale="en"></Value><Value locale="pt_BR"></Value><Value locale="es"></Value></Name></ActionnImplementationType><Class value="com.amdocs.oss.vfgs.components.escalation.action.impl.EscalationUpdateOrderActionImpl"/><ActionImplementationParameter/><AdditionalProperties/></ProjectActionImplementationVersion></ProjectActionImplementationVersions></ProjectActionImplementation><ProjectActionImplementation id="de4e9512353645988ba2b4e08dfc4bbc" action="noChange" core_data_overridden="false"><Name><Value locale="en">UpdateOrderActionImpl</Value><Value locale="pt_BR">UpdateOrderActionImpl</Value><Value locale="es">UpdateOrderActionImpl</Value></Name><ProjectActionImplementationVersions><ProjectActionImplementationVersion effective="2020-12-17T11:38:01" expiration="NONE" versionId="1" action="noChange"><Description><Value value="UpdateOrderActionImpl" locale="en"/></Description><ActionnImplementationType value="Email" index=""><Name><Value locale="en"></Value><Value locale="pt_BR"></Value><Value locale="es"></Value></Name></ActionnImplementationType><Class value="com.amdocs.oss.server.components.action.impl.EscalationUpdateOrderActionImpl"/><ActionImplementationParameter><ProjectActionImplementationParameter><ParameterName value="3d8addd92eb64fa0ab586e0b87b19674"/><IsMandatory value="true"/></ProjectActionImplementationParameter></ActionImplementationParameter><AdditionalProperties/></ProjectActionImplementationVersion></ProjectActionImplementationVersions></ProjectActionImplementation><ProjectActionImplementation id="02b20f643b0e461d894a0e82099076b9" action="noChange" core_data_overridden="false"><Name><Value locale="en">EscalationReportErrorActionImpl</Value><Value locale="pt_BR">EscalationReportErrorActionImpl</Value><Value locale="es">EscalationReportErrorActionImpl</Value></Name><ProjectActionImplementationVersions><ProjectActionImplementationVersion effective="2020-12-21T09:47:07" expiration="NONE" versionId="1" action="noChange"><Description><Value value="EscalationReportErrorActionImpl" locale="en"/></Description><ActionnImplementationType value="Email" index=""><Name><Value locale="en"></Value><Value locale="pt_BR"></Value><Value locale="es"></Value></Name></ActionnImplementationType><Class value="com.amdocs.oss.vfgs.components.escalation.action.impl.EscalationReportErrorActionImpl"/><ActionImplementationParameter/><AdditionalProperties/></ProjectActionImplementationVersion></ProjectActionImplementationVersions></ProjectActionImplementation><ProjectActionImplementation id="0ed20415623741d9b198742fa08a37c3" action="noChange" core_data_overridden="false"><Name><Value locale="en">actionImple1</Value><Value locale="pt_BR">actionImple1</Value><Value locale="es">actionImple1</Value></Name><ProjectActionImplementationVersions><ProjectActionImplementationVersion effective="2020-12-16T07:06:12" expiration="NONE" versionId="1" action="noChange"><Description><Value value="actionImple1" locale="en"/></Description><ActionnImplementationType value="Email" index=""><Name><Value locale="en"></Value><Value locale="pt_BR"></Value><Value locale="es"></Value></Name></ActionnImplementationType><Class value="com.amdocs.oss.server.components.action.impl.EscalationEmailActionImpl"/><ActionImplementationParameter><ProjectActionImplementationParameter><ParameterName value="a479427545674dc6ba6201d1eca29010"/><IsMandatory value="true"/></ProjectActionImplementationParameter></ActionImplementationParameter><AdditionalProperties/></ProjectActionImplementationVersion></ProjectActionImplementationVersions></ProjectActionImplementation></ProjectActionImplementationList>