<?xml version="1.0" encoding="UTF-8" standalone="yes"?><ProjectMilestonesList><Id>2a021f08-2edd-4b78-8c15-11d94d8113b9</Id><ProjectMilestones id="72c63ac96c6c4555a577f79e58a4286b" action="noChange" core_data_overridden="false"><Name><Value locale="en">Wait for Provisioning is In Progress</Value><Value locale="pt_BR">Wait for Provisioning is In Progress</Value><Value locale="es">Wait for Provisioning is In Progress</Value></Name><ProjectMilestonesVersions><ProjectMilestonesVersion effective="2020-11-12T07:24:07" expiration="NONE" versionId="1" action="noChange"><Description><Value value="Associated with - Wait for Provisioning activity" locale="en"/></Description><MilestoneType value="Driving"/><EscalationList/><Code value="Wait_for_Provisioning_is_In_Progress"/><Role value="Regular"/><ExternalReference/><DueDateIndicator value="false"/><Offset value="1440" unit="3" unit_value="1"><Name><Value locale="en">Day</Value><Value locale="pt_BR">Day</Value><Value locale="es">Day</Value></Name></Offset><OffsetText value="Before" index="9200000"><Name><Value locale="en">Before</Value><Value locale="pt_BR">Before</Value><Value locale="es">Before</Value></Name></OffsetText><RelativeDate value="Plan Completion Date" index="9200000"><Name><Value locale="en">Plan Completion Date</Value><Value locale="pt_BR">Plan Completion Date</Value><Value locale="es">Plan Completion Date</Value></Name></RelativeDate><AdditionalProperties/></ProjectMilestonesVersion></ProjectMilestonesVersions></ProjectMilestones></ProjectMilestonesList>