<?xml version="1.0" encoding="UTF-8" standalone="yes"?><ResourceAttributeGroupList><ResourceAttributeGroup id="Product_Cable_Internet_Provide_RGS_attr_group" action="noChange" core_data_overridden="false"><Name><Value locale="en">Product_Cable_Internet_Provide_RGS_attr_group</Value></Name><ResourceAttributeGroupVersions><ResourceAttributeGroupVersion effective="1900-01-01T00:00:00" expiration="NONE" action="noChange"><Attribute><ElementId value="f6d526a5-1da3-470e-bda7-5d12480949e8"><Name><Value locale="en">entityCode</Value></Name><UniqueFields/></ElementId><ElementId value="dc616cc3-dba0-4a09-9037-00fa9e3f7237"><Name><Value locale="en">entityAction</Value></Name><UniqueFields/></ElementId></Attribute><DistributionClientApplications/><UsedBy/><ID value="Product_Cable_Internet_Provide_RGS_attr_group"/><Description/><ExcludeResources value="false"/><AttributeDesigner/><IsConditionalAttribute/><DataPathTable/><Operator/><Condition/><Column/><CostAttributeGroup value="false"/><AttributeRefinement><AttributeRefinement><Attribute value="entityCode"/><Datapath value="OrderLine:Entity:DescribingSpecificationKey:PrimaryKey"/></AttributeRefinement><AttributeRefinement><Attribute value="entityAction"/><Datapath value="OrderLine:ActionSubType:Code"/></AttributeRefinement></AttributeRefinement><Properties/><AdditionalProperties/></ResourceAttributeGroupVersion></ResourceAttributeGroupVersions></ResourceAttributeGroup><ResourceAttributeGroup id="CFS_c_Mobile_Provide_RGS_attr_group" action="noChange" core_data_overridden="false"><Name><Value locale="en">CFS_c_Mobile_Provide_RGS_attr_group</Value></Name><ResourceAttributeGroupVersions><ResourceAttributeGroupVersion effective="1900-01-01T00:00:00" expiration="NONE" action="noChange"><Attribute><ElementId value="1cc6dd75-dce0-44fe-9bba-4f49c05aac91"><Name><Value locale="en">MSISDN</Value></Name><UniqueFields/></ElementId><ElementId value="f6d526a5-1da3-470e-bda7-5d12480949e8"><Name><Value locale="en">entityCode</Value></Name><UniqueFields/></ElementId><ElementId value="dc616cc3-dba0-4a09-9037-00fa9e3f7237"><Name><Value locale="en">entityAction</Value></Name><UniqueFields/></ElementId></Attribute><DistributionClientApplications/><UsedBy/><ID value="CFS_c_Mobile_Provide_RGS_attr_group"/><Description/><ExcludeResources value="false"/><AttributeDesigner/><IsConditionalAttribute/><DataPathTable/><Operator/><Condition/><Column/><CostAttributeGroup value="false"/><AttributeRefinement><AttributeRefinement><Attribute value="MSISDN"/><Datapath value="OrderLine:Entity:Characteristics(Name='MSISDN'):Value"/></AttributeRefinement><AttributeRefinement><Attribute value="entityCode"/><Datapath value="OrderLine:Entity:DescribingSpecificationKey:PrimaryKey"/></AttributeRefinement><AttributeRefinement><Attribute value="entityAction"/><Datapath value="OrderLine:ActionSubType:Code"/></AttributeRefinement></AttributeRefinement><Properties/><AdditionalProperties/></ResourceAttributeGroupVersion></ResourceAttributeGroupVersions></ResourceAttributeGroup><ResourceAttributeGroup id="CFS_c_Mobile_Provide_CALL_Mobile_Services_2_RMS_attr_group" action="noChange" core_data_overridden="false"><Name><Value locale="en">CFS_c_Mobile_Provide_CALL_Mobile_Services_2_RMS_attr_group</Value></Name><ResourceAttributeGroupVersions><ResourceAttributeGroupVersion effective="1900-01-01T00:00:00" expiration="NONE" action="noChange"><Attribute><ElementId value="1cc6dd75-dce0-44fe-9bba-4f49c05aac91"><Name><Value locale="en">MSISDN</Value></Name><UniqueFields/></ElementId></Attribute><DistributionClientApplications/><UsedBy/><ID value="CFS_c_Mobile_Provide_CALL_Mobile_Services_2_RMS_attr_group"/><Description/><ExcludeResources value="false"/><AttributeDesigner/><IsConditionalAttribute/><DataPathTable/><Operator/><Condition/><Column/><CostAttributeGroup value="false"/><AttributeRefinement><AttributeRefinement><Attribute value="MSISDN"/><Datapath value="OrderItems:OrderLine:Entity:Characteristics(Name='MSISDN'):Value"/></AttributeRefinement></AttributeRefinement><Properties/><AdditionalProperties/></ResourceAttributeGroupVersion></ResourceAttributeGroupVersions></ResourceAttributeGroup><ResourceAttributeGroup id="Product_Cable_Internet_Provide_RGS_attr_group" action="noChange" core_data_overridden="false"><Name><Value locale="en">Product_Cable_Internet_Provide_RGS_attr_group</Value></Name><ResourceAttributeGroupVersions><ResourceAttributeGroupVersion effective="1900-01-01T00:00:00" expiration="NONE" action="noChange"><Attribute><ElementId value="f6d526a5-1da3-470e-bda7-5d12480949e8"><Name><Value locale="en">entityCode</Value></Name><UniqueFields/></ElementId><ElementId value="dc616cc3-dba0-4a09-9037-00fa9e3f7237"><Name><Value locale="en">entityAction</Value></Name><UniqueFields/></ElementId></Attribute><DistributionClientApplications/><UsedBy/><ID value="Product_Cable_Internet_Provide_RGS_attr_group"/><Description/><ExcludeResources value="false"/><AttributeDesigner/><IsConditionalAttribute/><DataPathTable/><Operator/><Condition/><Column/><CostAttributeGroup value="false"/><AttributeRefinement><AttributeRefinement><Attribute value="entityCode"/><Datapath value="OrderLine:Entity:DescribingSpecificationKey:PrimaryKey"/></AttributeRefinement><AttributeRefinement><Attribute value="entityAction"/><Datapath value="OrderLine:ActionSubType:Code"/></AttributeRefinement></AttributeRefinement><Properties/><AdditionalProperties/></ResourceAttributeGroupVersion></ResourceAttributeGroupVersions></ResourceAttributeGroup><ResourceAttributeGroup id="Product_Cable_Internet_Provide_Call_Generic_Fulfillment_RMS_attr_group" action="noChange" core_data_overridden="false"><Name><Value locale="en">Product_Cable_Internet_Provide_Call_Generic_Fulfillment_RMS_attr_group</Value></Name><ResourceAttributeGroupVersions><ResourceAttributeGroupVersion effective="1900-01-01T00:00:00" expiration="NONE" action="noChange"><Attribute><ElementId value="f194a2b9-959c-44f8-b054-f46751667f53"><Name><Value locale="en">NotifyResourceTest</Value></Name><UniqueFields/></ElementId><ElementId value="89b860b5-b2d5-442f-8218-e3355802b92c"><Name><Value locale="en">hasInternet</Value></Name><UniqueFields/></ElementId><ElementId value="38eb484c-4453-4a03-9acd-bdfbe6ad870f"><Name><Value locale="en">Solstice_Network_Indicator</Value></Name><UniqueFields/></ElementId><ElementId value="4d0e1603-15c1-4cec-a341-c4e8ff433df2"><Name><Value locale="en">service_type</Value></Name><UniqueFields/></ElementId><ElementId value="dd4bd0e2-a524-438a-8c71-e8c1c58794e5"><Name><Value locale="en">Activation_Target</Value></Name><UniqueFields/></ElementId><ElementId value="b2304421-74d4-424e-aa57-141e151e24bf"><Name><Value locale="en">Customer_ID</Value></Name><UniqueFields/></ElementId></Attribute><DistributionClientApplications/><UsedBy/><ID value="Product_Cable_Internet_Provide_Call_Generic_Fulfillment_RMS_attr_group"/><Description/><ExcludeResources value="false"/><AttributeDesigner/><IsConditionalAttribute/><DataPathTable/><Operator/><Condition/><Column/><CostAttributeGroup value="false"/><AttributeRefinement><AttributeRefinement><Attribute value="NotifyResourceTest"/><Datapath value="'false'"/></AttributeRefinement><AttributeRefinement><Attribute value="hasInternet"/><Datapath value="OrderItems(&quot;OrderLine:Entity:DescribingSpecificationKey:PrimaryKey&quot; = 'c_Internet'):OrderLine:Entity:DescribingSpecificationKey:PrimaryKey"/></AttributeRefinement><AttributeRefinement><Attribute value="Solstice_Network_Indicator"/><Datapath value="OrderItems(&quot;OrderLine:Entity:DescribingSpecificationKey:PrimaryKey&quot;='c_Access'):OrderLine:Entity:Characteristics(&quot;Name&quot;='Solstice_Network_Indicator'):Value"/></AttributeRefinement><AttributeRefinement><Attribute value="service_type"/><Datapath value="OrderItems:OrderLine:Entity:DescribingSpecificationKey:PrimaryKey"/></AttributeRefinement><AttributeRefinement><Attribute value="Activation_Target"/><Datapath value="OrderItems:OrderLine:Entity:Characteristics(Name='Activation_Target'):Value"/></AttributeRefinement><AttributeRefinement><Attribute value="Customer_ID"/><Datapath value="'Cable_Internet.customerID'"/></AttributeRefinement></AttributeRefinement><Properties/><AdditionalProperties/></ResourceAttributeGroupVersion></ResourceAttributeGroupVersions></ResourceAttributeGroup><ResourceAttributeGroup id="CFS_c_Access_Provide_RGS_attr_group" action="noChange" core_data_overridden="false"><Name><Value locale="en">CFS_c_Access_Provide_RGS_attr_group</Value></Name><ResourceAttributeGroupVersions><ResourceAttributeGroupVersion effective="1900-01-01T00:00:00" expiration="NONE" action="noChange"><Attribute><ElementId value="f6d526a5-1da3-470e-bda7-5d12480949e8"><Name><Value locale="en">entityCode</Value></Name><UniqueFields/></ElementId><ElementId value="dc616cc3-dba0-4a09-9037-00fa9e3f7237"><Name><Value locale="en">entityAction</Value></Name><UniqueFields/></ElementId></Attribute><DistributionClientApplications/><UsedBy/><ID value="CFS_c_Access_Provide_RGS_attr_group"/><Description/><ExcludeResources value="false"/><AttributeDesigner/><IsConditionalAttribute/><DataPathTable/><Operator/><Condition/><Column/><CostAttributeGroup value="false"/><AttributeRefinement><AttributeRefinement><Attribute value="entityCode"/><Datapath value="OrderLine:Entity:DescribingSpecificationKey:PrimaryKey"/></AttributeRefinement><AttributeRefinement><Attribute value="entityAction"/><Datapath value="OrderLine:ActionSubType:Code"/></AttributeRefinement></AttributeRefinement><Properties/><AdditionalProperties/></ResourceAttributeGroupVersion></ResourceAttributeGroupVersions></ResourceAttributeGroup><ResourceAttributeGroup id="CFS_c_Access_Provide_Access_Provide_Service_Order_Workflow_IMPERATIVE_RMS_attr_group" action="noChange" core_data_overridden="false"><Name><Value locale="en">CFS_c_Access_Provide_Access_Provide_Service_Order_Workflow_IMPERATIVE_RMS_attr_group</Value></Name><ResourceAttributeGroupVersions><ResourceAttributeGroupVersion effective="1900-01-01T00:00:00" expiration="NONE" action="noChange"><Attribute><ElementId value="4d0e1603-15c1-4cec-a341-c4e8ff433df2"><Name><Value locale="en">service_type</Value></Name><UniqueFields/></ElementId></Attribute><DistributionClientApplications/><UsedBy/><ID value="CFS_c_Access_Provide_Access_Provide_Service_Order_Workflow_IMPERATIVE_RMS_attr_group"/><Description/><ExcludeResources value="false"/><AttributeDesigner/><IsConditionalAttribute/><DataPathTable/><Operator/><Condition/><Column/><CostAttributeGroup value="false"/><AttributeRefinement><AttributeRefinement><Attribute value="service_type"/><Datapath value="'c_Access'"/></AttributeRefinement></AttributeRefinement><Properties/><AdditionalProperties/></ResourceAttributeGroupVersion></ResourceAttributeGroupVersions></ResourceAttributeGroup><ResourceAttributeGroup id="CFS_c_Internet_Modify_RGS_attr_group" action="noChange" core_data_overridden="false"><Name><Value locale="en">CFS_c_Internet_Modify_RGS_attr_group</Value></Name><ResourceAttributeGroupVersions><ResourceAttributeGroupVersion effective="1900-01-01T00:00:00" expiration="NONE" action="noChange"><Attribute><ElementId value="f6d526a5-1da3-470e-bda7-5d12480949e8"><Name><Value locale="en">entityCode</Value></Name><UniqueFields/></ElementId><ElementId value="dc616cc3-dba0-4a09-9037-00fa9e3f7237"><Name><Value locale="en">entityAction</Value></Name><UniqueFields/></ElementId></Attribute><DistributionClientApplications/><UsedBy/><ID value="CFS_c_Internet_Modify_RGS_attr_group"/><Description/><ExcludeResources value="false"/><AttributeDesigner/><IsConditionalAttribute/><DataPathTable/><Operator/><Condition/><Column/><CostAttributeGroup value="false"/><AttributeRefinement><AttributeRefinement><Attribute value="entityCode"/><Datapath value="OrderLine:Entity:DescribingSpecificationKey:PrimaryKey"/></AttributeRefinement><AttributeRefinement><Attribute value="entityAction"/><Datapath value="OrderLine:ActionSubType:Code"/></AttributeRefinement></AttributeRefinement><Properties/><AdditionalProperties/></ResourceAttributeGroupVersion></ResourceAttributeGroupVersions></ResourceAttributeGroup><ResourceAttributeGroup id="CFS_c_Internet_Provide_RGS_attr_group" action="noChange" core_data_overridden="false"><Name><Value locale="en">CFS_c_Internet_Provide_RGS_attr_group</Value></Name><ResourceAttributeGroupVersions><ResourceAttributeGroupVersion effective="1900-01-01T00:00:00" expiration="NONE" action="noChange"><Attribute><ElementId value="f6d526a5-1da3-470e-bda7-5d12480949e8"><Name><Value locale="en">entityCode</Value></Name><UniqueFields/></ElementId><ElementId value="dc616cc3-dba0-4a09-9037-00fa9e3f7237"><Name><Value locale="en">entityAction</Value></Name><UniqueFields/></ElementId></Attribute><DistributionClientApplications/><UsedBy/><ID value="CFS_c_Internet_Provide_RGS_attr_group"/><Description/><ExcludeResources value="false"/><AttributeDesigner/><IsConditionalAttribute/><DataPathTable/><Operator/><Condition/><Column/><CostAttributeGroup value="false"/><AttributeRefinement><AttributeRefinement><Attribute value="entityCode"/><Datapath value="OrderLine:Entity:DescribingSpecificationKey:PrimaryKey"/></AttributeRefinement><AttributeRefinement><Attribute value="entityAction"/><Datapath value="OrderLine:ActionSubType:Code"/></AttributeRefinement></AttributeRefinement><Properties/><AdditionalProperties/></ResourceAttributeGroupVersion></ResourceAttributeGroupVersions></ResourceAttributeGroup><ResourceAttributeGroup id="CFS_c_Internet_Modify_Internet_Provide_Service_Order_Workflow_IMPERATIVE_RMS_attr_group" action="noChange" core_data_overridden="false"><Name><Value locale="en">CFS_c_Internet_Modify_Internet_Provide_Service_Order_Workflow_IMPERATIVE_RMS_attr_group</Value></Name><ResourceAttributeGroupVersions><ResourceAttributeGroupVersion effective="1900-01-01T00:00:00" expiration="NONE" action="noChange"><Attribute><ElementId value="89b860b5-b2d5-442f-8218-e3355802b92c"><Name><Value locale="en">hasInternet</Value></Name><UniqueFields/></ElementId><ElementId value="4d0e1603-15c1-4cec-a341-c4e8ff433df2"><Name><Value locale="en">service_type</Value></Name><UniqueFields/></ElementId><ElementId value="f194a2b9-959c-44f8-b054-f46751667f53"><Name><Value locale="en">NotifyResourceTest</Value></Name><UniqueFields/></ElementId><ElementId value="b2304421-74d4-424e-aa57-141e151e24bf"><Name><Value locale="en">Customer_ID</Value></Name><UniqueFields/></ElementId></Attribute><DistributionClientApplications/><UsedBy/><ID value="CFS_c_Internet_Modify_Internet_Provide_Service_Order_Workflow_IMPERATIVE_RMS_attr_group"/><Description/><ExcludeResources value="false"/><AttributeDesigner/><IsConditionalAttribute/><DataPathTable/><Operator/><Condition/><Column/><CostAttributeGroup value="false"/><AttributeRefinement><AttributeRefinement><Attribute value="hasInternet"/><Datapath value="'true'"/></AttributeRefinement><AttributeRefinement><Attribute value="service_type"/><Datapath value="'c_Internet'"/></AttributeRefinement><AttributeRefinement><Attribute value="NotifyResourceTest"/><Datapath value="'false'"/></AttributeRefinement><AttributeRefinement><Attribute value="Customer_ID"/><Datapath value="Customer:ID"/></AttributeRefinement></AttributeRefinement><Properties/><AdditionalProperties/></ResourceAttributeGroupVersion></ResourceAttributeGroupVersions></ResourceAttributeGroup><ResourceAttributeGroup id="CFS_c_Internet_Provide_Internet_Provide_Service_Order_Workflow_IMPERATIVE_RMS_attr_group" action="noChange" core_data_overridden="false"><Name><Value locale="en">CFS_c_Internet_Provide_Internet_Provide_Service_Order_Workflow_IMPERATIVE_RMS_attr_group</Value></Name><ResourceAttributeGroupVersions><ResourceAttributeGroupVersion effective="1900-01-01T00:00:00" expiration="NONE" action="noChange"><Attribute><ElementId value="89b860b5-b2d5-442f-8218-e3355802b92c"><Name><Value locale="en">hasInternet</Value></Name><UniqueFields/></ElementId><ElementId value="f194a2b9-959c-44f8-b054-f46751667f53"><Name><Value locale="en">NotifyResourceTest</Value></Name><UniqueFields/></ElementId><ElementId value="4d0e1603-15c1-4cec-a341-c4e8ff433df2"><Name><Value locale="en">service_type</Value></Name><UniqueFields/></ElementId><ElementId value="b2304421-74d4-424e-aa57-141e151e24bf"><Name><Value locale="en">Customer_ID</Value></Name><UniqueFields/></ElementId></Attribute><DistributionClientApplications/><UsedBy/><ID value="CFS_c_Internet_Provide_Internet_Provide_Service_Order_Workflow_IMPERATIVE_RMS_attr_group"/><Description/><ExcludeResources value="false"/><AttributeDesigner/><IsConditionalAttribute/><DataPathTable/><Operator/><Condition/><Column/><CostAttributeGroup value="false"/><AttributeRefinement><AttributeRefinement><Attribute value="hasInternet"/><Datapath value="'true'"/></AttributeRefinement><AttributeRefinement><Attribute value="NotifyResourceTest"/><Datapath value="'false'"/></AttributeRefinement><AttributeRefinement><Attribute value="service_type"/><Datapath value="'c_Internet'"/></AttributeRefinement><AttributeRefinement><Attribute value="Customer_ID"/><Datapath value="Customer:ID"/></AttributeRefinement></AttributeRefinement><Properties/><AdditionalProperties/></ResourceAttributeGroupVersion></ResourceAttributeGroupVersions></ResourceAttributeGroup><ResourceAttributeGroup id="CFS_c_CPE_Modify_RGS_attr_group" action="noChange" core_data_overridden="false"><Name><Value locale="en">CFS_c_CPE_Modify_RGS_attr_group</Value></Name><ResourceAttributeGroupVersions><ResourceAttributeGroupVersion effective="1900-01-01T00:00:00" expiration="NONE" action="noChange"><Attribute><ElementId value="f6d526a5-1da3-470e-bda7-5d12480949e8"><Name><Value locale="en">entityCode</Value></Name><UniqueFields/></ElementId><ElementId value="dc616cc3-dba0-4a09-9037-00fa9e3f7237"><Name><Value locale="en">entityAction</Value></Name><UniqueFields/></ElementId></Attribute><DistributionClientApplications/><UsedBy/><ID value="CFS_c_CPE_Modify_RGS_attr_group"/><Description/><ExcludeResources value="false"/><AttributeDesigner/><IsConditionalAttribute/><DataPathTable/><Operator/><Condition/><Column/><CostAttributeGroup value="false"/><AttributeRefinement><AttributeRefinement><Attribute value="entityCode"/><Datapath value="OrderLine:Entity:DescribingSpecificationKey:PrimaryKey"/></AttributeRefinement><AttributeRefinement><Attribute value="entityAction"/><Datapath value="OrderLine:ActionSubType:Code"/></AttributeRefinement></AttributeRefinement><Properties/><AdditionalProperties/></ResourceAttributeGroupVersion></ResourceAttributeGroupVersions></ResourceAttributeGroup><ResourceAttributeGroup id="CFS_c_CPE_Provide_RGS_attr_group" action="noChange" core_data_overridden="false"><Name><Value locale="en">CFS_c_CPE_Provide_RGS_attr_group</Value></Name><ResourceAttributeGroupVersions><ResourceAttributeGroupVersion effective="1900-01-01T00:00:00" expiration="NONE" action="noChange"><Attribute><ElementId value="f6d526a5-1da3-470e-bda7-5d12480949e8"><Name><Value locale="en">entityCode</Value></Name><UniqueFields/></ElementId><ElementId value="dc616cc3-dba0-4a09-9037-00fa9e3f7237"><Name><Value locale="en">entityAction</Value></Name><UniqueFields/></ElementId></Attribute><DistributionClientApplications/><UsedBy/><ID value="CFS_c_CPE_Provide_RGS_attr_group"/><Description/><ExcludeResources value="false"/><AttributeDesigner/><IsConditionalAttribute/><DataPathTable/><Operator/><Condition/><Column/><CostAttributeGroup value="false"/><AttributeRefinement><AttributeRefinement><Attribute value="entityCode"/><Datapath value="OrderLine:Entity:DescribingSpecificationKey:PrimaryKey"/></AttributeRefinement><AttributeRefinement><Attribute value="entityAction"/><Datapath value="OrderLine:ActionSubType:Code"/></AttributeRefinement></AttributeRefinement><Properties/><AdditionalProperties/></ResourceAttributeGroupVersion></ResourceAttributeGroupVersions></ResourceAttributeGroup><ResourceAttributeGroup id="CFS_c_CPE_Modify_CPE_Provide_Service_Order_Workflow_IMPERATIVE_RMS_attr_group" action="noChange" core_data_overridden="false"><Name><Value locale="en">CFS_c_CPE_Modify_CPE_Provide_Service_Order_Workflow_IMPERATIVE_RMS_attr_group</Value></Name><ResourceAttributeGroupVersions><ResourceAttributeGroupVersion effective="1900-01-01T00:00:00" expiration="NONE" action="noChange"><Attribute><ElementId value="b2304421-74d4-424e-aa57-141e151e24bf"><Name><Value locale="en">Customer_ID</Value></Name><UniqueFields/></ElementId><ElementId value="4d0e1603-15c1-4cec-a341-c4e8ff433df2"><Name><Value locale="en">service_type</Value></Name><UniqueFields/></ElementId><ElementId value="89b860b5-b2d5-442f-8218-e3355802b92c"><Name><Value locale="en">hasInternet</Value></Name><UniqueFields/></ElementId><ElementId value="f194a2b9-959c-44f8-b054-f46751667f53"><Name><Value locale="en">NotifyResourceTest</Value></Name><UniqueFields/></ElementId></Attribute><DistributionClientApplications/><UsedBy/><ID value="CFS_c_CPE_Modify_CPE_Provide_Service_Order_Workflow_IMPERATIVE_RMS_attr_group"/><Description/><ExcludeResources value="false"/><AttributeDesigner/><IsConditionalAttribute/><DataPathTable/><Operator/><Condition/><Column/><CostAttributeGroup value="false"/><AttributeRefinement><AttributeRefinement><Attribute value="Customer_ID"/><Datapath value="Customer:ID"/></AttributeRefinement><AttributeRefinement><Attribute value="service_type"/><Datapath value="'c_CPE'"/></AttributeRefinement><AttributeRefinement><Attribute value="hasInternet"/><Datapath value="'true'"/></AttributeRefinement><AttributeRefinement><Attribute value="NotifyResourceTest"/><Datapath value="'false'"/></AttributeRefinement></AttributeRefinement><Properties/><AdditionalProperties/></ResourceAttributeGroupVersion></ResourceAttributeGroupVersions></ResourceAttributeGroup><ResourceAttributeGroup id="CFS_c_CPE_Provide_CPE_Provide_Service_Order_Workflow_IMPERATIVE_RMS_attr_group" action="noChange" core_data_overridden="false"><Name><Value locale="en">CFS_c_CPE_Provide_CPE_Provide_Service_Order_Workflow_IMPERATIVE_RMS_attr_group</Value></Name><ResourceAttributeGroupVersions><ResourceAttributeGroupVersion effective="1900-01-01T00:00:00" expiration="NONE" action="noChange"><Attribute><ElementId value="rkflow_Customer_ID"><Name><Value locale="en">rkflow_Customer_ID</Value></Name><UniqueFields/></ElementId><ElementId value="89b860b5-b2d5-442f-8218-e3355802b92c"><Name><Value locale="en">hasInternet</Value></Name><UniqueFields/></ElementId><ElementId value="rkflow_service_type"><Name><Value locale="en">rkflow_service_type</Value></Name><UniqueFields/></ElementId><ElementId value="b2304421-74d4-424e-aa57-141e151e24bf"><Name><Value locale="en">Customer_ID</Value></Name><UniqueFields/></ElementId><ElementId value="f194a2b9-959c-44f8-b054-f46751667f53"><Name><Value locale="en">NotifyResourceTest</Value></Name><UniqueFields/></ElementId><ElementId value="rkflow_hasInternet"><Name><Value locale="en">rkflow_hasInternet</Value></Name><UniqueFields/></ElementId><ElementId value="rkflow_NotifyResourceTest"><Name><Value locale="en">rkflow_NotifyResourceTest</Value></Name><UniqueFields/></ElementId><ElementId value="4d0e1603-15c1-4cec-a341-c4e8ff433df2"><Name><Value locale="en">service_type</Value></Name><UniqueFields/></ElementId></Attribute><DistributionClientApplications/><UsedBy/><ID value="CFS_c_CPE_Provide_CPE_Provide_Service_Order_Workflow_IMPERATIVE_RMS_attr_group"/><Description/><ExcludeResources value="false"/><AttributeDesigner/><IsConditionalAttribute/><DataPathTable/><Operator/><Condition/><Column/><CostAttributeGroup value="false"/><AttributeRefinement><AttributeRefinement><Attribute value="rkflow_Customer_ID"/><Datapath value="Customer:ID"/></AttributeRefinement><AttributeRefinement><Attribute value="hasInternet"/><Datapath value="'true'"/></AttributeRefinement><AttributeRefinement><Attribute value="rkflow_service_type"/><Datapath value="'c_CPE'"/></AttributeRefinement><AttributeRefinement><Attribute value="Customer_ID"/><Datapath value="Customer:ID"/></AttributeRefinement><AttributeRefinement><Attribute value="NotifyResourceTest"/><Datapath value="'false'"/></AttributeRefinement><AttributeRefinement><Attribute value="rkflow_hasInternet"/><Datapath value="'true'"/></AttributeRefinement><AttributeRefinement><Attribute value="rkflow_NotifyResourceTest"/><Datapath value="'false'"/></AttributeRefinement><AttributeRefinement><Attribute value="service_type"/><Datapath value="'c_CPE'"/></AttributeRefinement></AttributeRefinement><Properties/><AdditionalProperties/></ResourceAttributeGroupVersion></ResourceAttributeGroupVersions></ResourceAttributeGroup><ResourceAttributeGroup id="CFS_c_TV_Provide_RGS_attr_group" action="noChange" core_data_overridden="false"><Name><Value locale="en">CFS_c_TV_Provide_RGS_attr_group</Value></Name><ResourceAttributeGroupVersions><ResourceAttributeGroupVersion effective="1900-01-01T00:00:00" expiration="NONE" action="noChange"><Attribute><ElementId value="f6d526a5-1da3-470e-bda7-5d12480949e8"><Name><Value locale="en">entityCode</Value></Name><UniqueFields/></ElementId><ElementId value="dc616cc3-dba0-4a09-9037-00fa9e3f7237"><Name><Value locale="en">entityAction</Value></Name><UniqueFields/></ElementId></Attribute><DistributionClientApplications/><UsedBy/><ID value="CFS_c_TV_Provide_RGS_attr_group"/><Description/><ExcludeResources value="false"/><AttributeDesigner/><IsConditionalAttribute/><DataPathTable/><Operator/><Condition/><Column/><CostAttributeGroup value="false"/><AttributeRefinement><AttributeRefinement><Attribute value="entityCode"/><Datapath value="OrderLine:Entity:DescribingSpecificationKey:PrimaryKey"/></AttributeRefinement><AttributeRefinement><Attribute value="entityAction"/><Datapath value="OrderLine:ActionSubType:Code"/></AttributeRefinement></AttributeRefinement><Properties/><AdditionalProperties/></ResourceAttributeGroupVersion></ResourceAttributeGroupVersions></ResourceAttributeGroup><ResourceAttributeGroup id="CFS_c_TV_Provide_TV_Provide_Service_Order_Workflow_IMPERATIVE_RMS_attr_group" action="noChange" core_data_overridden="false"><Name><Value locale="en">CFS_c_TV_Provide_TV_Provide_Service_Order_Workflow_IMPERATIVE_RMS_attr_group</Value></Name><ResourceAttributeGroupVersions><ResourceAttributeGroupVersion effective="1900-01-01T00:00:00" expiration="NONE" action="noChange"><Attribute><ElementId value="4d0e1603-15c1-4cec-a341-c4e8ff433df2"><Name><Value locale="en">service_type</Value></Name><UniqueFields/></ElementId><ElementId value="89b860b5-b2d5-442f-8218-e3355802b92c"><Name><Value locale="en">hasInternet</Value></Name><UniqueFields/></ElementId><ElementId value="b2304421-74d4-424e-aa57-141e151e24bf"><Name><Value locale="en">Customer_ID</Value></Name><UniqueFields/></ElementId></Attribute><DistributionClientApplications/><UsedBy/><ID value="CFS_c_TV_Provide_TV_Provide_Service_Order_Workflow_IMPERATIVE_RMS_attr_group"/><Description/><ExcludeResources value="false"/><AttributeDesigner/><IsConditionalAttribute/><DataPathTable/><Operator/><Condition/><Column/><CostAttributeGroup value="false"/><AttributeRefinement><AttributeRefinement><Attribute value="service_type"/><Datapath value="'c_TV'"/></AttributeRefinement><AttributeRefinement><Attribute value="hasInternet"/><Datapath value="'false'"/></AttributeRefinement><AttributeRefinement><Attribute value="Customer_ID"/><Datapath value="Customer:ID"/></AttributeRefinement></AttributeRefinement><Properties/><AdditionalProperties/></ResourceAttributeGroupVersion></ResourceAttributeGroupVersions></ResourceAttributeGroup><ResourceAttributeGroup id="CFS_c_Fixed_Voice_Provide_RGS_attr_group" action="noChange" core_data_overridden="false"><Name><Value locale="en">CFS_c_Fixed_Voice_Provide_RGS_attr_group</Value></Name><ResourceAttributeGroupVersions><ResourceAttributeGroupVersion effective="1900-01-01T00:00:00" expiration="NONE" action="noChange"><Attribute><ElementId value="f6d526a5-1da3-470e-bda7-5d12480949e8"><Name><Value locale="en">entityCode</Value></Name><UniqueFields/></ElementId><ElementId value="dc616cc3-dba0-4a09-9037-00fa9e3f7237"><Name><Value locale="en">entityAction</Value></Name><UniqueFields/></ElementId></Attribute><DistributionClientApplications/><UsedBy/><ID value="CFS_c_Fixed_Voice_Provide_RGS_attr_group"/><Description/><ExcludeResources value="false"/><AttributeDesigner/><IsConditionalAttribute/><DataPathTable/><Operator/><Condition/><Column/><CostAttributeGroup value="false"/><AttributeRefinement><AttributeRefinement><Attribute value="entityCode"/><Datapath value="OrderLine:Entity:DescribingSpecificationKey:PrimaryKey"/></AttributeRefinement><AttributeRefinement><Attribute value="entityAction"/><Datapath value="OrderLine:ActionSubType:Code"/></AttributeRefinement></AttributeRefinement><Properties/><AdditionalProperties/></ResourceAttributeGroupVersion></ResourceAttributeGroupVersions></ResourceAttributeGroup><ResourceAttributeGroup id="CFS_c_Fixed_Voice_Provide_VOICE_Provide_Service_Order_Workflow_IMPERATIVE_RMS_attr_group" action="noChange" core_data_overridden="false"><Name><Value locale="en">CFS_c_Fixed_Voice_Provide_VOICE_Provide_Service_Order_Workflow_IMPERATIVE_RMS_attr_group</Value></Name><ResourceAttributeGroupVersions><ResourceAttributeGroupVersion effective="1900-01-01T00:00:00" expiration="NONE" action="noChange"><Attribute><ElementId value="4d0e1603-15c1-4cec-a341-c4e8ff433df2"><Name><Value locale="en">service_type</Value></Name><UniqueFields/></ElementId></Attribute><DistributionClientApplications/><UsedBy/><ID value="CFS_c_Fixed_Voice_Provide_VOICE_Provide_Service_Order_Workflow_IMPERATIVE_RMS_attr_group"/><Description/><ExcludeResources value="false"/><AttributeDesigner/><IsConditionalAttribute/><DataPathTable/><Operator/><Condition/><Column/><CostAttributeGroup value="false"/><AttributeRefinement><AttributeRefinement><Attribute value="service_type"/><Datapath value="'c_Fixed_Voice'"/></AttributeRefinement></AttributeRefinement><Properties/><AdditionalProperties/></ResourceAttributeGroupVersion></ResourceAttributeGroupVersions></ResourceAttributeGroup></ResourceAttributeGroupList>